,meta_pin,meta_year,meta_class,char_hd_sf,char_age,char_rooms,char_beds,char_frpl,char_fbath,char_hbath,char_bldg_sf,geo_longitude,geo_latitude
383981,13242020150000,2020.0,278,3129.0,25.0,10.0,3.0,2.0,3.0,1.0,2166.0,-87.6907486523288,41.95332214623012
383982,13242020160000,2020.0,203,3050.0,127.0,4.0,3.0,0.0,1.0,0.0,1077.0,-87.69065670220327,41.95332263505244
383983,13242020170000,2020.0,278,3050.0,21.0,8.0,4.0,0.0,2.0,1.0,2340.0,-87.69056478933153,41.95332313418099
383984,13242020180000,2020.0,278,3050.0,9.0,9.0,4.0,2.0,3.0,1.0,2639.0,-87.69047289724921,41.95332367148331
383987,13242020210000,2020.0,206,3050.0,96.0,7.0,3.0,0.0,2.0,1.0,2350.0,-87.69019717693355,41.95332513777405
383997,13242030020000,2020.0,203,3137.0,61.0,6.0,3.0,0.0,2.0,0.0,1020.0,-87.69073096042578,41.95280367725772
383998,13242030030000,2020.0,203,3050.0,96.0,6.0,3.0,0.0,1.0,0.0,1510.0,-87.69063902907219,41.952804297239545
383999,13242030050000,2020.0,278,3050.0,12.0,8.0,4.0,1.0,3.0,1.0,2544.0,-87.69045525848186,41.95280549602496
384000,13242030060000,2020.0,203,4575.0,98.0,6.0,3.0,0.0,1.0,1.0,1447.0,-87.69034037496226,41.952806237393986
384001,13242030070000,2020.0,203,4575.0,94.0,6.0,3.0,0.0,1.0,0.0,1275.0,-87.69020248334785,41.95280712981952
384003,13242030090000,2020.0,203,3660.0,80.0,5.0,3.0,0.0,1.0,0.0,1232.0,-87.68996812473303,41.95280868428657
384005,13242030110000,2020.0,206,3660.0,98.0,7.0,4.0,1.0,2.0,1.0,2778.0,-87.68972913132092,41.952810278305144
384008,13242030160000,2020.0,278,3050.0,6.0,8.0,4.0,0.0,3.0,1.0,2536.0,-87.68916844465,41.9528139246384
384009,13242030180000,2020.0,278,3226.0,3.0,6.0,3.0,1.0,2.0,1.0,2171.0,-87.69071794754662,41.95242292736885
384010,13242030190000,2020.0,205,3050.0,122.0,7.0,4.0,0.0,2.0,1.0,2044.0,-87.69062603259172,41.95242371684766
384011,13242030200000,2020.0,203,3050.0,97.0,6.0,3.0,0.0,2.0,0.0,1421.0,-87.69053411877482,41.952424492057375
384012,13242030210000,2020.0,203,3812.0,97.0,5.0,3.0,1.0,1.0,0.0,1146.0,-87.69043073851294,41.952425377735345
384013,13242030220000,2020.0,203,3812.0,97.0,5.0,3.0,0.0,1.0,0.0,1200.0,-87.69031584395194,41.95242635721112
384014,13242030230000,2020.0,203,3812.0,97.0,6.0,2.0,0.0,1.0,0.0,1248.0,-87.6902009531625,41.95242733698238
384015,13242030240000,2020.0,203,3812.0,97.0,6.0,3.0,0.0,1.0,0.0,1144.0,-87.69008607738424,41.95242834289043
384016,13242030250000,2020.0,205,3660.0,100.0,6.0,4.0,0.0,1.0,1.0,1785.0,-87.68997351953817,41.952429272960494
384017,13242030260000,2020.0,204,3660.0,100.0,5.0,3.0,1.0,2.0,0.0,1904.0,-87.68986326003994,41.95243021976938
384018,13242030270000,2020.0,206,3660.0,100.0,9.0,4.0,0.0,2.0,1.0,2517.0,-87.68975296299014,41.9524311612435
384019,13242030280000,2020.0,203,3660.0,100.0,5.0,2.0,0.0,1.0,0.0,1545.0,-87.68964262786403,41.952432093013456
384020,13242030290000,2020.0,203,3660.0,100.0,6.0,4.0,0.0,1.0,1.0,1779.0,-87.68953233372622,41.95243303210942
384021,13242030300000,2020.0,203,3050.0,122.0,6.0,3.0,0.0,1.0,0.0,1450.0,-87.68943124445737,41.952433921397734
384022,13242030310000,2020.0,202,3050.0,117.0,4.0,2.0,0.0,1.0,0.0,800.0,-87.68933931145588,41.95243467328237
384027,13242040010000,2020.0,204,3780.0,95.0,7.0,4.0,1.0,2.0,0.0,1861.0,-87.69069057869078,41.95189600560686
384028,13242040020000,2020.0,278,3750.0,15.0,9.0,5.0,1.0,3.0,1.0,2560.0,-87.69058125462854,41.95189546102929
384029,13242040040000,2020.0,278,3750.0,15.0,7.0,4.0,1.0,3.0,1.0,2416.0,-87.69036073243082,41.95189751974106
384030,13242040050000,2020.0,204,4125.0,96.0,8.0,5.0,0.0,2.0,0.0,1960.0,-87.69024495992194,41.95189859898533
384031,13242040060000,2020.0,204,4125.0,96.0,8.0,4.0,1.0,1.0,0.0,2059.0,-87.69012363046846,41.951899731910245
384032,13242040070000,2020.0,204,4125.0,96.0,7.0,4.0,0.0,1.0,1.0,1960.0,-87.69000232605575,41.95190088030838
384033,13242040080000,2020.0,203,4125.0,96.0,6.0,3.0,0.0,2.0,0.0,1513.0,-87.68988105344941,41.951901978743194
384034,13242040090000,2020.0,206,4125.0,96.0,7.0,4.0,0.0,3.0,1.0,2652.0,-87.68975976432291,41.951903111979966
384035,13242040100000,2020.0,278,4125.0,9.0,8.0,3.0,1.0,3.0,1.0,2467.0,-87.68963843922845,41.95190425657937
384036,13242040110000,2020.0,278,4125.0,3.0,7.0,5.0,1.0,4.0,1.0,2677.0,-87.6895171462034,41.95190538814656
384037,13242040120000,2020.0,205,4125.0,92.0,4.0,1.0,0.0,1.0,0.0,549.0,-87.68939585945245,41.95190651896389
384038,13242040130000,2020.0,278,4125.0,21.0,8.0,4.0,1.0,2.0,1.0,2464.0,-87.68927453009987,41.951907649190304
384039,13242040140000,2020.0,203,4125.0,96.0,6.0,3.0,0.0,1.0,0.0,1164.0,-87.6891532432704,41.95190877909411
384040,13242040150000,2020.0,278,3391.0,3.0,8.0,5.0,1.0,3.0,1.0,2168.0,-87.690680793237,41.95151070448969
384041,13242040160000,2020.0,278,3390.0,6.0,8.0,4.0,0.0,3.0,1.0,2090.0,-87.6905858616805,41.95150986999084
384043,13242040180000,2020.0,204,4125.0,96.0,8.0,4.0,0.0,2.0,0.0,2116.0,-87.69035980891196,41.95151184590533
384044,13242040190000,2020.0,203,4125.0,96.0,6.0,3.0,0.0,1.0,0.0,1222.0,-87.6902385026149,41.951512878085325
384045,13242040200000,2020.0,204,4125.0,96.0,7.0,4.0,0.0,2.0,0.0,1861.0,-87.69011717962789,41.95151391354756
384046,13242040210000,2020.0,203,4125.0,96.0,6.0,3.0,0.0,1.0,0.0,1222.0,-87.68999587183008,41.951514932271934
384047,13242040220000,2020.0,203,4125.0,96.0,6.0,3.0,1.0,1.0,0.0,1222.0,-87.68987460432203,41.95151598455646
384048,13242040230000,2020.0,203,4125.0,96.0,6.0,3.0,0.0,2.0,0.0,1222.0,-87.68975331434144,41.95151702005555
384049,13242040240000,2020.0,203,4125.0,96.0,6.0,3.0,0.0,1.0,0.0,1222.0,-87.6896319708513,41.95151805135148
384050,13242040250000,2020.0,204,4125.0,96.0,8.0,4.0,0.0,2.0,0.0,2116.0,-87.68951066797247,41.95151911643055
384051,13242040260000,2020.0,203,4125.0,96.0,5.0,3.0,0.0,1.0,0.0,1222.0,-87.68938937721514,41.95152016579383
384052,13242040270000,2020.0,203,4125.0,96.0,6.0,3.0,0.0,1.0,0.0,1222.0,-87.68926805414826,41.95152120019498
384053,13242040280000,2020.0,204,4125.0,96.0,7.0,4.0,0.0,2.0,0.0,2327.0,-87.6891467642044,41.9515222350479
384054,13242050010000,2020.0,203,3391.0,96.0,6.0,3.0,0.0,1.0,0.0,1571.0,-87.69066433865562,41.95098573931065
384055,13242050020000,2020.0,202,3390.0,96.0,5.0,2.0,0.0,1.0,0.0,989.0,-87.69056597250218,41.950986957633354
384056,13242050030000,2020.0,203,4125.0,96.0,4.0,3.0,0.0,1.0,0.0,1116.0,-87.69045635839454,41.950987808683394
384057,13242050040000,2020.0,203,4125.0,96.0,6.0,3.0,0.0,1.0,0.0,1116.0,-87.69033518368306,41.950988811403604
384058,13242050050000,2020.0,203,4125.0,96.0,4.0,3.0,0.0,1.0,0.0,1116.0,-87.69021400634107,41.9509897440503
384059,13242050060000,2020.0,203,4125.0,96.0,6.0,3.0,0.0,1.0,0.0,1116.0,-87.69009281295328,41.95099072897371
384060,13242050070000,2020.0,206,4125.0,96.0,7.0,4.0,0.0,2.0,0.0,2273.0,-87.68997163752907,41.950991696522344
384061,13242050080000,2020.0,203,4125.0,95.0,7.0,4.0,0.0,1.0,0.0,1183.0,-87.68985046156011,41.95099266431547
384062,13242050090000,2020.0,205,4125.0,96.0,8.0,4.0,0.0,3.0,0.0,1858.0,-87.68972928523443,41.95099363142361
384063,13242050100000,2020.0,204,4125.0,96.0,6.0,3.0,0.0,2.0,0.0,1920.0,-87.68960809155993,41.950994615633796
384064,13242050110000,2020.0,203,4125.0,96.0,4.0,3.0,0.0,2.0,0.0,1383.0,-87.68948689613212,41.95099556562307
384065,13242050120000,2020.0,278,4125.0,22.0,9.0,3.0,1.0,1.0,0.0,2146.0,-87.68936572015834,41.9509965325614
384066,13242050130000,2020.0,204,4125.0,93.0,6.0,3.0,1.0,2.0,0.0,1853.0,-87.68924458144137,41.95099749956467
384067,13242050140000,2020.0,206,4125.0,96.0,7.0,3.0,0.0,2.0,0.0,2456.0,-87.68912347928283,41.95099846629396
384068,13242050160000,2020.0,204,4112.0,94.0,6.0,3.0,1.0,2.0,0.0,1853.0,-87.69044158167888,41.95060179705506
384069,13242050170000,2020.0,204,4125.0,97.0,6.0,3.0,0.0,1.0,1.0,1826.0,-87.69032040691235,41.95060276500897
384070,13242050180000,2020.0,203,4125.0,97.0,6.0,3.0,0.0,1.0,1.0,1692.0,-87.69019923318118,41.95060374589928
384071,13242050190000,2020.0,203,4125.0,97.0,6.0,3.0,0.0,1.0,1.0,1208.0,-87.69007801907901,41.95060472771213
384072,13242050200000,2020.0,203,4125.0,97.0,6.0,3.0,0.0,1.0,0.0,1160.0,-87.68995684386836,41.95060569510017
384073,13242050210000,2020.0,203,4125.0,97.0,6.0,3.0,0.0,1.0,1.0,1160.0,-87.6898356682326,41.95060666268481
384074,13242050220000,2020.0,203,4125.0,97.0,6.0,3.0,0.0,1.0,0.0,1160.0,-87.68971447392298,41.95060761259758
384075,13242050230000,2020.0,203,4125.0,97.0,6.0,3.0,1.0,1.0,0.0,1160.0,-87.68959330057048,41.95060861434915
384076,13242050240000,2020.0,206,4125.0,97.0,7.0,4.0,1.0,2.0,1.0,2408.0,-87.6894721067964,41.9506095639873
384077,13242050250000,2020.0,204,4125.0,97.0,8.0,4.0,0.0,2.0,0.0,2235.0,-87.68935093157543,41.95061053073571
384078,13242050260000,2020.0,204,4125.0,13.0,8.0,4.0,0.0,2.0,1.0,2235.0,-87.68922979268862,41.95061149788691
384079,13242050270000,2020.0,206,4125.0,97.0,7.0,4.0,0.0,1.0,1.0,2508.0,-87.68910869104218,41.950612465020754
384080,13242070220000,2020.0,278,3958.0,18.0,13.0,4.0,0.0,3.0,1.0,3044.0,-87.69063847476593,41.94967962158335
384081,13242070230000,2020.0,278,3906.0,18.0,13.0,4.0,0.0,3.0,1.0,3044.0,-87.69052375488509,41.94968118541057
384082,13242070240000,2020.0,278,3906.0,18.0,13.0,4.0,0.0,3.0,1.0,3044.0,-87.6904076622109,41.94968218505693
384083,13242070250000,2020.0,278,3906.0,18.0,13.0,4.0,0.0,3.0,1.0,3044.0,-87.69028980505234,41.94968275367585
384084,13242070260000,2020.0,278,3906.0,18.0,13.0,4.0,0.0,3.0,1.0,3044.0,-87.69017610730329,41.94968454067169
384085,13242070270000,2020.0,278,3906.0,18.0,13.0,4.0,0.0,3.0,1.0,3044.0,-87.69006070373315,41.94968534813246
384086,13242070280000,2020.0,278,3906.0,18.0,13.0,4.0,0.0,3.0,1.0,3005.0,-87.6899416416226,41.9496843256542
384087,13242070290000,2020.0,278,3906.0,18.0,13.0,4.0,0.0,3.0,1.0,3044.0,-87.68982063413031,41.94968849464037
384088,13242070300000,2020.0,278,4118.0,18.0,13.0,4.0,0.0,3.0,1.0,3044.0,-87.68969793377073,41.949688162089856
384089,13242070310000,2020.0,278,3958.0,18.0,13.0,4.0,0.0,3.0,1.0,3044.0,-87.6896464019291,41.95008372042994
384090,13242070320000,2020.0,278,3906.0,18.0,13.0,4.0,0.0,3.0,1.0,3005.0,-87.68975865335138,41.95008274179817
384091,13242070330000,2020.0,278,3906.0,18.0,13.0,4.0,0.0,3.0,1.0,3044.0,-87.68987664834053,41.950081945804364
384092,13242070340000,2020.0,278,3906.0,18.0,13.0,4.0,0.0,3.0,1.0,3005.0,-87.68999657063614,41.95008113882016
384093,13242070350000,2020.0,278,3906.0,18.0,13.0,4.0,0.0,3.0,1.0,3005.0,-87.6901163308282,41.9500803310692
384094,13242070360000,2020.0,278,3906.0,18.0,13.0,4.0,0.0,3.0,1.0,3005.0,-87.69023218520215,41.9500795499921
384095,13242070370000,2020.0,278,3906.0,18.0,13.0,4.0,0.0,3.0,1.0,3005.0,-87.69034708609018,41.9500787543004
384096,13242070380000,2020.0,278,3906.0,18.0,13.0,4.0,0.0,3.0,1.0,3044.0,-87.69046200272174,41.950077989449845
384097,13242070390000,2020.0,278,4116.0,18.0,13.0,4.0,0.0,3.0,1.0,3044.0,-87.69058183894816,41.950078538637506
384098,13242080010000,2020.0,203,4508.0,62.0,4.0,2.0,0.0,1.0,1.0,1070.0,-87.69040055550592,41.94840685608753
384099,13242080020000,2020.0,203,3720.0,62.0,5.0,2.0,0.0,1.0,0.0,1070.0,-87.6903977382339,41.94831584122111
384100,13242080030000,2020.0,278,3720.0,6.0,7.0,4.0,1.0,3.0,1.0,2377.0,-87.69039520237735,41.948233556498685
384101,13242080040000,2020.0,203,3720.0,62.0,5.0,3.0,0.0,1.0,0.0,1234.0,-87.69039268449309,41.948151270779576
384102,13242080050000,2020.0,278,3720.0,62.0,8.0,4.0,0.0,3.0,0.0,2066.0,-87.69039014623604,41.94806895641046
384103,13242080060000,2020.0,278,3720.0,62.0,4.0,4.0,0.0,3.0,1.0,2116.0,-87.69038761076558,41.947986644483855
384104,13242080070000,2020.0,203,3720.0,62.0,5.0,3.0,0.0,1.0,0.0,1008.0,-87.69038509312948,41.947904359036464
384105,13242080080000,2020.0,203,3720.0,62.0,4.0,2.0,0.0,1.0,0.0,1008.0,-87.69038255591536,41.9478220449052
384106,13242080090000,2020.0,203,3720.0,62.0,4.0,2.0,0.0,1.0,0.0,1008.0,-87.69038002013525,41.94773973242458
384107,13242080100000,2020.0,203,3720.0,62.0,4.0,2.0,0.0,1.0,0.0,1008.0,-87.69037750142532,41.94765744663859
384108,13242080110000,2020.0,278,3720.0,9.0,7.0,4.0,1.0,3.0,1.0,2377.0,-87.69037496483901,41.94757513252205
384109,13242080120000,2020.0,278,3720.0,6.0,7.0,4.0,1.0,3.0,1.0,2377.0,-87.69037242908044,41.94749282032584
384110,13242080130000,2020.0,278,3720.0,6.0,7.0,4.0,1.0,3.0,1.0,2400.0,-87.69036991058981,41.947410534897024
384111,13242080140000,2020.0,278,3720.0,9.0,9.0,4.0,2.0,3.0,1.0,2415.0,-87.69036737445883,41.94732822044152
384112,13242080150000,2020.0,203,3704.0,62.0,5.0,3.0,0.0,1.0,0.0,1070.0,-87.69036540038967,41.94724459349389
384113,13242080160000,2020.0,278,4503.0,3.0,8.0,4.0,1.0,3.0,1.0,2898.0,-87.68988460016004,41.948411318779264
384114,13242080170000,2020.0,278,3720.0,6.0,7.0,4.0,1.0,1.0,1.0,2242.0,-87.6898816927892,41.94832044410487
384115,13242080180000,2020.0,278,3720.0,6.0,7.0,4.0,1.0,1.0,1.0,2378.0,-87.68987906340966,41.94823815584095
384116,13242080190000,2020.0,202,3720.0,101.0,4.0,2.0,0.0,1.0,0.0,955.0,-87.68987641879855,41.9481557607704
384117,13242080200000,2020.0,202,3720.0,101.0,5.0,2.0,0.0,1.0,1.0,901.0,-87.68987379054889,41.94807347443046
384118,13242080210000,2020.0,203,3720.0,101.0,5.0,3.0,0.0,1.0,1.0,1359.0,-87.68987118095149,41.947991132381624
384119,13242080220000,2020.0,203,3720.0,95.0,5.0,2.0,0.0,1.0,0.0,1100.0,-87.68986853527792,41.94790881976222
384120,13242080230000,2020.0,203,3720.0,96.0,4.0,2.0,0.0,1.0,0.0,1751.0,-87.68986590846407,41.947826506031205
384121,13242080240000,2020.0,205,3720.0,101.0,8.0,4.0,0.0,2.0,0.0,1962.0,-87.68986328075242,41.94774419236115
384122,13242080250000,2020.0,202,3720.0,101.0,5.0,2.0,0.0,1.0,1.0,955.0,-87.68986063377508,41.947661904986795
384123,13242080260000,2020.0,278,3720.0,6.0,8.0,4.0,2.0,3.0,1.0,2525.0,-87.68985802468013,41.94757961976098
384124,13242080270000,2020.0,278,3720.0,6.0,7.0,4.0,2.0,1.0,1.0,2368.0,-87.68985539736333,41.94749730572745
384126,13242080290000,2020.0,206,3720.0,115.0,7.0,4.0,1.0,3.0,0.0,2400.0,-87.6898501246225,41.94733267956113
384127,13242080300000,2020.0,204,3704.0,101.0,10.0,4.0,1.0,2.0,0.0,1839.0,-87.68984661981274,41.94724887978954
384128,13242080310000,2020.0,203,3360.0,59.0,4.0,2.0,0.0,1.0,0.0,1092.0,-87.69053644143996,41.94698502376157
384132,13242080360000,2020.0,206,3750.0,103.0,8.0,4.0,0.0,2.0,0.0,2504.0,-87.6897643609198,41.946991236120326
384133,13242080370000,2020.0,278,3358.0,6.0,7.0,4.0,2.0,2.0,1.0,2811.0,-87.68965930663674,41.94699179821593
384134,13242090010000,2020.0,203,3553.0,94.0,6.0,3.0,0.0,1.0,1.0,1312.0,-87.68918576554215,41.94842744886204
384135,13242090020000,2020.0,203,3720.0,96.0,5.0,2.0,0.0,1.0,0.0,1060.0,-87.68918310516308,41.948345890173655
384136,13242090030000,2020.0,203,3720.0,103.0,8.0,3.0,0.0,3.0,1.0,1776.0,-87.68918037987739,41.94826245076442
384138,13242090050000,2020.0,205,3720.0,113.0,6.0,3.0,0.0,1.0,1.0,1763.0,-87.68917496596289,41.9480954896578
384140,13242090070000,2020.0,202,3720.0,100.0,5.0,2.0,0.0,1.0,0.0,955.0,-87.68916951523246,41.94792852827373
384142,13242090090000,2020.0,278,3720.0,6.0,7.0,4.0,1.0,2.0,1.0,2398.0,-87.68916408224422,41.947761566203134
384143,13242090100000,2020.0,278,3720.0,6.0,8.0,4.0,0.0,3.0,1.0,2428.0,-87.6891613764131,41.94767807332859
384144,13242090110000,2020.0,203,4836.0,99.0,4.0,2.0,0.0,1.0,0.0,1034.0,-87.68915825742386,41.94758184376535
384146,13242090130000,2020.0,203,3224.0,52.0,5.0,3.0,0.0,1.0,0.0,1123.0,-87.68915177359099,41.9473830984608
384147,13242090140000,2020.0,203,3224.0,112.0,8.0,4.0,0.0,2.0,0.0,1328.0,-87.68914941505402,41.947310720589385
384148,13242090150000,2020.0,278,3406.0,6.0,8.0,4.0,1.0,3.0,1.0,2204.0,-87.68914800318868,41.94724322519816
384151,13242090410000,2020.0,278,2814.0,6.0,8.0,4.0,0.0,3.0,1.0,2422.0,-87.68895300283498,41.946997052002
384152,13242090420000,2020.0,278,3095.0,6.0,8.0,4.0,0.0,3.0,1.0,2395.0,-87.68903992339521,41.94699708091127
384153,13242090430000,2020.0,278,3094.0,6.0,8.0,4.0,0.0,3.0,1.0,2422.0,-87.68913090937129,41.94699636751935
384154,13242090440000,2020.0,278,3219.0,6.0,8.0,4.0,0.0,3.0,1.0,2422.0,-87.68922373625547,41.946995638948465
384155,13242110010000,2020.0,278,5014.0,17.0,13.0,4.0,0.0,3.0,1.0,3044.0,-87.69059948282673,41.948724000705
384156,13242110020000,2020.0,278,4757.0,17.0,13.0,4.0,0.0,3.0,1.0,3044.0,-87.69047300047012,41.94872566710485
384157,13242110030000,2020.0,278,4757.0,17.0,13.0,4.0,0.0,3.0,1.0,3044.0,-87.69034833522686,41.94872707295066
384158,13242110040000,2020.0,278,4757.0,17.0,13.0,4.0,0.0,3.0,1.0,3044.0,-87.690221313308,41.94872850548789
384159,13242110050000,2020.0,278,4757.0,17.0,13.0,4.0,0.0,3.0,1.0,3044.0,-87.69009968428314,41.94872987613996
384160,13242110060000,2020.0,278,4757.0,17.0,13.0,4.0,0.0,3.0,1.0,3044.0,-87.68997493769805,41.948731281773554
384161,13242110070000,2020.0,278,4757.0,17.0,13.0,4.0,0.0,3.0,1.0,3044.0,-87.68984891727165,41.94873270240387
384162,13242110080000,2020.0,278,4757.0,17.0,13.0,4.0,0.0,3.0,1.0,3005.0,-87.68972625808748,41.94873408474862
384163,13242110090000,2020.0,278,4899.0,17.0,13.0,4.0,0.0,3.0,1.0,3044.0,-87.68960801849104,41.94873570937943
384164,13242110100000,2020.0,278,4067.0,17.0,13.0,4.0,0.0,3.0,1.0,3044.0,-87.68968446024816,41.94915108345284
384165,13242110110000,2020.0,278,3906.0,17.0,13.0,4.0,0.0,3.0,1.0,3005.0,-87.68980305648215,41.9491481469934
384166,13242110120000,2020.0,278,3906.0,17.0,13.0,4.0,0.0,3.0,1.0,3044.0,-87.6899193033558,41.94914711991752
384167,13242110130000,2020.0,278,3906.0,17.0,13.0,4.0,0.0,3.0,1.0,3044.0,-87.69003447952818,41.949146103766935
384168,13242110140000,2020.0,278,3906.0,17.0,13.0,4.0,0.0,3.0,1.0,3044.0,-87.69014980771081,41.94914508491007
384169,13242110150000,2020.0,278,3906.0,17.0,13.0,4.0,0.0,3.0,1.0,3044.0,-87.69026507135933,41.94914406679182
384170,13242110160000,2020.0,278,3906.0,17.0,13.0,4.0,0.0,3.0,1.0,3044.0,-87.69038239533634,41.94914303056187
384171,13242110170000,2020.0,278,3906.0,17.0,13.0,4.0,0.0,3.0,1.0,3044.0,-87.69049559317358,41.9491420315415
384172,13242110180000,2020.0,278,4011.0,17.0,13.0,4.0,0.0,3.0,1.0,3044.0,-87.6906150725619,41.94914079251446
384173,13242120010000,2020.0,278,4118.0,14.0,13.0,4.0,0.0,3.0,1.0,3044.0,-87.69215430302187,41.947883997420355
384174,13242120020000,2020.0,278,3864.0,14.0,13.0,4.0,1.0,3.0,1.0,3044.0,-87.69203636471823,41.9478866433102
384175,13242120030000,2020.0,278,3873.0,14.0,13.0,4.0,1.0,3.0,1.0,3044.0,-87.69192241828264,41.94788726753245
384176,13242120040000,2020.0,278,3881.0,14.0,13.0,4.0,0.0,3.0,1.0,3014.0,-87.69180847115058,41.947887891751016
384177,13242120050000,2020.0,278,3890.0,14.0,13.0,4.0,1.0,3.0,1.0,3044.0,-87.69169452401532,41.94788851505161
384178,13242120060000,2020.0,278,3898.0,14.0,13.0,4.0,0.0,3.0,1.0,3014.0,-87.69158057709107,41.94788913864708
384179,13242120070000,2020.0,278,3907.0,14.0,13.0,4.0,1.0,3.0,1.0,3044.0,-87.69146663016939,41.94788976178597
384180,13242120080000,2020.0,278,3916.0,14.0,13.0,4.0,1.0,3.0,1.0,3044.0,-87.69135268357145,41.94789038519889
384181,13242120090000,2020.0,278,3924.0,14.0,13.0,4.0,1.0,3.0,1.0,3014.0,-87.69123873683351,41.94789100823032
384182,13242120100000,2020.0,278,3933.0,14.0,13.0,4.0,1.0,3.0,1.0,3044.0,-87.69112478950115,41.9478916303775
384183,13242120110000,2020.0,278,3941.0,14.0,13.0,4.0,1.0,3.0,1.0,3044.0,-87.69101084209055,41.947892254006
384184,13242120120000,2020.0,278,4390.0,14.0,13.0,4.0,1.0,3.0,1.0,3014.0,-87.69089051126106,41.94789135642959
384185,13242130010000,2020.0,278,4256.0,14.0,13.0,4.0,1.0,3.0,1.0,3044.0,-87.6921489434334,41.94734634370567
384186,13242130020000,2020.0,278,3936.0,14.0,13.0,4.0,0.0,3.0,1.0,3014.0,-87.69203036234431,41.94734659896208
384187,13242130030000,2020.0,278,3936.0,14.0,13.0,4.0,0.0,3.0,1.0,3044.0,-87.69191641300692,41.947346844286294
384188,13242130040000,2020.0,278,3936.0,14.0,13.0,4.0,1.0,3.0,1.0,3014.0,-87.69180246322524,41.947347090088414
384189,13242130050000,2020.0,278,3936.0,14.0,13.0,4.0,1.0,3.0,1.0,3044.0,-87.69168851355957,41.94734733417488
384190,13242130060000,2020.0,278,3936.0,14.0,13.0,4.0,1.0,3.0,1.0,3044.0,-87.6915745641582,41.94734757930005
384191,13242130070000,2020.0,278,3936.0,14.0,13.0,4.0,1.0,3.0,1.0,3044.0,-87.69146061463675,41.94734782405424
384192,13242130080000,2020.0,278,3936.0,14.0,13.0,4.0,1.0,3.0,1.0,3044.0,-87.69134666509892,41.94734806852755
384193,13242130090000,2020.0,278,3936.0,14.0,13.0,4.0,0.0,3.0,1.0,3014.0,-87.69123271579417,41.94734831312321
384194,13242130100000,2020.0,278,3936.0,14.0,13.0,4.0,0.0,3.0,1.0,3044.0,-87.69111876652165,41.94734855712997
384195,13242130110000,2020.0,278,3936.0,14.0,13.0,4.0,1.0,3.0,1.0,3044.0,-87.69100481644232,41.9473488011511
384196,13242130120000,2020.0,278,4738.0,14.0,13.0,4.0,0.0,3.0,1.0,3014.0,-87.69087923002613,41.947347646818784
432566,14191000180000,2020.0,206,3720.0,94.0,10.0,5.0,0.0,3.0,0.0,3280.0,-87.68760025248437,41.95304626231353
432572,14191010090000,2020.0,278,3710.0,9.0,10.0,5.0,2.0,3.0,0.0,3218.0,-87.68689979389394,41.95347659872962
432573,14191010100000,2020.0,205,3720.0,117.0,7.0,4.0,0.0,1.0,1.0,1562.0,-87.6868964737814,41.95339388614592
432574,14191010110000,2020.0,204,3720.0,97.0,8.0,3.0,0.0,2.0,1.0,2291.0,-87.68689381061006,41.953311008912614
432575,14191010120000,2020.0,278,3720.0,14.0,8.0,4.0,1.0,2.0,1.0,2717.0,-87.68689117417706,41.95322811997796
432576,14191010130000,2020.0,278,3720.0,6.0,10.0,5.0,2.0,5.0,1.0,3280.0,-87.68688851949037,41.95314525727314
432578,14191010150000,2020.0,205,3720.0,116.0,9.0,4.0,1.0,2.0,1.0,1865.0,-87.68688328904366,41.95297954458798
432580,14191010170000,2020.0,205,3720.0,118.0,6.0,3.0,0.0,1.0,1.0,1587.0,-87.68687797202176,41.95281380684568
432581,14191010180000,2020.0,204,3720.0,117.0,8.0,4.0,0.0,3.0,1.0,1805.0,-87.68687529111618,41.952730958245546
432582,14191010190000,2020.0,203,3720.0,117.0,7.0,4.0,0.0,1.0,1.0,1374.0,-87.68687268010774,41.952648080414015
432583,14191010200000,2020.0,278,3720.0,14.0,8.0,4.0,2.0,3.0,1.0,3576.0,-87.68687008862692,41.95256520616921
432585,14191010240000,2020.0,204,3720.0,122.0,7.0,3.0,0.0,1.0,1.0,1990.0,-87.68636836887495,41.95340085882211
432587,14191010260000,2020.0,278,3720.0,3.0,12.0,7.0,2.0,4.0,2.0,3104.0,-87.68636314423605,41.95323512029388
432588,14191010270000,2020.0,203,3720.0,122.0,7.0,4.0,0.0,2.0,0.0,1764.0,-87.68636055141135,41.953152271175625
432593,14191010330000,2020.0,206,3720.0,124.0,9.0,5.0,2.0,3.0,1.0,3168.0,-87.68634490082344,41.95265506807398
432594,14191010340000,2020.0,205,3720.0,120.0,7.0,4.0,0.0,2.0,0.0,1649.0,-87.68634230257375,41.952572179420414
432596,14191010400000,2020.0,278,3236.0,15.0,8.0,5.0,2.0,3.0,1.0,2760.0,-87.68633736179181,41.952416061383026
432597,14191010410000,2020.0,278,3236.0,15.0,8.0,5.0,2.0,3.0,1.0,2758.0,-87.68633516150756,41.95234645575769
432600,14191020100000,2020.0,278,3720.0,15.0,9.0,5.0,2.0,3.0,1.0,3024.0,-87.68566209399215,41.95332936795367
432601,14191020110000,2020.0,278,3720.0,9.0,10.0,5.0,1.0,3.0,0.0,3100.0,-87.6856594598846,41.95324680705549
432607,14191020170000,2020.0,206,3720.0,113.0,12.0,6.0,0.0,3.0,0.0,2388.0,-87.68564370140206,41.95275144194831
432610,14191020200000,2020.0,208,4340.0,12.0,10.0,5.0,1.0,3.0,1.0,4271.0,-87.68563516984014,41.952483175204335
432614,14191020250000,2020.0,278,3720.0,6.0,10.0,4.0,2.0,4.0,1.0,3328.0,-87.68514744167878,41.953248693265756
432617,14191020280000,2020.0,278,3720.0,6.0,8.0,4.0,0.0,3.0,1.0,2858.0,-87.68513909179944,41.952994202755974
432618,14191020290000,2020.0,205,3720.0,117.0,6.0,3.0,0.0,1.0,0.0,1267.0,-87.68513637497549,41.95291164136965
432620,14191020310000,2020.0,206,3720.0,114.0,8.0,4.0,0.0,2.0,1.0,3674.0,-87.68513096513944,41.95274653263405
432626,14191040060000,2020.0,206,3720.0,122.0,8.0,5.0,0.0,3.0,1.0,2606.0,-87.68324123205862,41.95344610237982
432628,14191040080000,2020.0,205,3720.0,117.0,6.0,4.0,0.0,2.0,1.0,1564.0,-87.68323612770172,41.953281503381916
432629,14191040090000,2020.0,202,3720.0,117.0,5.0,2.0,0.0,1.0,0.0,839.0,-87.6832335597101,41.953199188454306
432630,14191040100000,2020.0,205,3720.0,115.0,10.0,4.0,0.0,2.0,0.0,1974.0,-87.68323097483007,41.95311689085077
432631,14191040110000,2020.0,204,3720.0,113.0,8.0,4.0,0.0,1.0,1.0,1921.0,-87.6832284095444,41.953034603980264
432633,14191040130000,2020.0,278,4340.0,13.0,9.0,4.0,0.0,3.0,1.0,3708.0,-87.68322308298839,41.95286310512151
432636,14191040160000,2020.0,278,3720.0,21.0,7.0,3.0,0.0,2.0,1.0,3024.0,-87.68321520029541,41.952609328079056
432642,14191040230000,2020.0,204,3720.0,122.0,13.0,7.0,1.0,3.0,0.0,2439.0,-87.68271807559071,41.953206645170894
432646,14191040270000,2020.0,204,3720.0,112.0,8.0,4.0,0.0,1.0,1.0,1994.0,-87.6827085332748,41.95284993908102
432647,14191040280000,2020.0,206,3720.0,115.0,5.0,3.0,0.0,2.0,0.0,2580.0,-87.68270624966557,41.95276764386566
432648,14191040290000,2020.0,203,3720.0,116.0,5.0,2.0,0.0,1.0,0.0,1027.0,-87.68270406376428,41.9526853564847
432651,14191040320000,2020.0,206,5018.0,117.0,10.0,4.0,0.0,1.0,2.0,2624.0,-87.68269711577602,41.95242408336103
432654,14191040350000,2020.0,295,2586.0,6.0,9.0,5.0,1.0,4.0,1.0,2274.0,-87.68321003539953,41.95244344611813
432655,14191040360000,2020.0,295,2409.0,6.0,9.0,5.0,1.0,4.0,1.0,2274.0,-87.68320827911904,41.952387988961576
432659,14191050070000,2020.0,205,3720.0,117.0,7.0,2.0,0.0,1.0,1.0,1962.0,-87.68202771697266,41.9534622390923
432660,14191050080000,2020.0,203,3720.0,117.0,7.0,4.0,0.0,1.0,0.0,1770.0,-87.6820255395425,41.953380022079756
432661,14191050090000,2020.0,278,3720.0,6.0,8.0,4.0,0.0,3.0,1.0,3287.0,-87.68202332423309,41.95329780724224
432662,14191050100000,2020.0,206,3720.0,117.0,11.0,5.0,0.0,3.0,0.0,2858.0,-87.68202111469897,41.953215563761894
432666,14191050140000,2020.0,278,3720.0,6.0,8.0,4.0,2.0,3.0,1.0,3113.0,-87.68201232663463,41.952886771742726
432667,14191050150000,2020.0,206,3720.0,117.0,6.0,2.0,2.0,2.0,1.0,2570.0,-87.68201009846152,41.95280452905141
432668,14191050160000,2020.0,206,4030.0,112.0,9.0,5.0,0.0,3.0,1.0,3520.0,-87.68200785751549,41.95271889592914
432669,14191050170000,2020.0,203,4030.0,112.0,6.0,3.0,1.0,1.0,1.0,1699.0,-87.6820054778297,41.95262984698499
432670,14191050180000,2020.0,206,4340.0,112.0,9.0,5.0,3.0,3.0,2.0,3042.0,-87.68200298132084,41.952537325968606
432674,14191050210000,2020.0,205,3720.0,112.0,7.0,4.0,0.0,2.0,0.0,1700.0,-87.68151224537311,41.95345580113362
432675,14191050220000,2020.0,206,3720.0,112.0,6.0,3.0,0.0,3.0,1.0,2213.0,-87.6815100292634,41.95337356993377
432676,14191050230000,2020.0,206,3720.0,117.0,10.0,4.0,0.0,3.0,1.0,2242.0,-87.6815078476789,41.95329119173787
432680,14191050270000,2020.0,278,3720.0,6.0,8.0,4.0,2.0,4.0,2.0,3168.0,-87.68149885759229,41.95295690864718
432682,14191050290000,2020.0,205,4588.0,112.0,9.0,4.0,1.0,1.0,1.0,2034.0,-87.68149383572596,41.95276912076861
432683,14191050300000,2020.0,208,5084.0,9.0,9.0,5.0,2.0,3.0,1.0,3937.0,-87.68149095500146,41.95266218973852
432684,14191050310000,2020.0,206,4960.0,112.0,8.0,4.0,0.0,2.0,0.0,2224.0,-87.6814879786581,41.95255114254605
432687,14191060020000,2020.0,203,5500.0,112.0,7.0,4.0,0.0,2.0,0.0,1637.0,-87.68076614849811,41.95381872128441
432690,14191060080000,2020.0,206,4960.0,130.0,8.0,4.0,1.0,4.0,0.0,3014.0,-87.68081268706929,41.953439215332736
432691,14191060090000,2020.0,206,4030.0,122.0,12.0,4.0,0.0,2.0,0.0,3316.0,-87.68081000690209,41.95333976379982
432693,14191060110000,2020.0,205,3720.0,122.0,7.0,4.0,0.0,1.0,1.0,1864.0,-87.68080528412408,41.95316490281876
432695,14191060130000,2020.0,278,3720.0,15.0,9.0,4.0,2.0,3.0,1.0,3214.0,-87.68080045757554,41.95298663882465
432697,14191060150000,2020.0,206,3720.0,117.0,10.0,4.0,1.0,2.0,1.0,2490.0,-87.6807960236633,41.952821990005624
432698,14191060160000,2020.0,205,3720.0,122.0,6.0,3.0,0.0,1.0,1.0,1368.0,-87.68079384268577,41.95273969018971
432699,14191060170000,2020.0,204,4340.0,117.0,7.0,4.0,1.0,1.0,1.0,1990.0,-87.68079137402725,41.952650601561295
432700,14191060180000,2020.0,206,4340.0,117.0,10.0,4.0,0.0,2.0,0.0,3128.0,-87.68078880794437,41.95255448590737
432701,14191060200000,2020.0,278,3100.0,21.0,9.0,4.0,1.0,3.0,1.0,2646.0,-87.68030171234612,41.95357710685895
432704,14191060230000,2020.0,205,3875.0,118.0,8.0,4.0,0.0,1.0,1.0,2152.0,-87.68029604028443,41.95336252783832
432705,14191060240000,2020.0,205,3875.0,122.0,9.0,4.0,0.0,2.0,0.0,2065.0,-87.6802937086455,41.9532768404525
432706,14191060250000,2020.0,205,3875.0,124.0,7.0,4.0,0.0,2.0,1.0,1929.0,-87.68029137223593,41.95319112604133
432708,14191060270000,2020.0,206,4030.0,122.0,8.0,4.0,0.0,3.0,1.0,2406.0,-87.68028663383154,41.953017911890214
432712,14191060310000,2020.0,205,3100.0,119.0,9.0,5.0,0.0,2.0,0.0,2040.0,-87.68027761731335,41.95268517922816
432713,14191060320000,2020.0,206,3100.0,124.0,8.0,4.0,0.0,2.0,1.0,2686.0,-87.68027574417609,41.95261659090113
432714,14191060370000,2020.0,208,4089.0,12.0,9.0,5.0,1.0,3.0,1.0,4159.0,-87.680273570479,41.95253704183978
432715,14191060380000,2020.0,208,4040.0,12.0,8.0,4.0,1.0,3.0,2.0,4053.0,-87.68027110628985,41.95244704495178
432716,14191060390000,2020.0,295,2445.0,6.0,8.0,4.0,1.0,3.0,1.0,2161.0,-87.68081561154004,41.953576945365626
432717,14191060400000,2020.0,295,2521.0,6.0,8.0,4.0,1.0,3.0,1.0,2161.0,-87.68081550952884,41.953521980762915
432718,14191070020000,2020.0,204,3720.0,122.0,8.0,3.0,0.0,1.0,1.0,1929.0,-87.67960371587795,41.95357390047435
432721,14191070050000,2020.0,278,3720.0,6.0,9.0,5.0,1.0,3.0,1.0,3154.0,-87.67959666415852,41.95331439187459
432726,14191070100000,2020.0,206,3720.0,112.0,10.0,4.0,1.0,3.0,1.0,2572.0,-87.679585285169,41.952902530728224
432728,14191070120000,2020.0,278,3720.0,6.0,7.0,3.0,2.0,3.0,0.0,3150.0,-87.6795807416328,41.95273779780374
432732,14191080060000,2020.0,205,3210.0,107.0,8.0,3.0,0.0,3.0,0.0,1999.0,-87.68803387792353,41.95140864726896
432741,14191080250000,2020.0,206,3720.0,107.0,11.0,5.0,0.0,3.0,0.0,2970.0,-87.68754219342843,41.95149946243683
432742,14191080260000,2020.0,206,3720.0,107.0,10.0,5.0,1.0,5.0,1.0,2952.0,-87.68753914654727,41.95141714727037
432745,14191080290000,2020.0,206,3720.0,107.0,9.0,5.0,0.0,4.0,1.0,3017.0,-87.68753000546903,41.9511701454083
432746,14191080300000,2020.0,206,3720.0,107.0,8.0,4.0,0.0,2.0,0.0,2645.0,-87.68752693866067,41.951087799652825
432747,14191080310000,2020.0,278,3720.0,6.0,10.0,6.0,2.0,4.0,0.0,2900.0,-87.68752389224568,41.95100545703336
432751,14191080350000,2020.0,206,3720.0,107.0,8.0,4.0,0.0,2.0,0.0,2409.0,-87.68751167720471,41.95067615208622
432763,14191090090000,2020.0,206,3720.0,110.0,7.0,4.0,1.0,2.0,1.0,2430.0,-87.68683073696454,41.951425489899556
432766,14191090120000,2020.0,278,3720.0,6.0,8.0,6.0,0.0,4.0,1.0,3189.0,-87.6868219046312,41.951179009856666
432767,14191090130000,2020.0,278,3720.0,9.0,10.0,4.0,2.0,3.0,1.0,3267.0,-87.6868189594606,41.9510968184481
432768,14191090140000,2020.0,278,3720.0,9.0,10.0,5.0,1.0,3.0,1.0,3410.0,-87.68681604858159,41.951014654467954
432773,14191090190000,2020.0,278,3720.0,6.0,8.0,5.0,0.0,3.0,1.0,3100.0,-87.68680133970605,41.950603870431394
432777,14191090230000,2020.0,278,3720.0,9.0,10.0,5.0,2.0,3.0,0.0,3052.0,-87.68632116100535,41.951927502724025
432779,14191090250000,2020.0,278,3720.0,9.0,10.0,5.0,1.0,3.0,0.0,2958.0,-87.68631545051274,41.95176317332146
432780,14191090260000,2020.0,278,3720.0,6.0,10.0,4.0,2.0,4.0,1.0,3126.0,-87.68631262466997,41.951681024337965
432781,14191090270000,2020.0,278,3720.0,3.0,8.0,4.0,2.0,4.0,2.0,3228.0,-87.68630977174132,41.95159885962324
432782,14191090280000,2020.0,204,3720.0,112.0,7.0,3.0,2.0,3.0,1.0,2130.0,-87.68630695340526,41.951516724541904
432783,14191090290000,2020.0,205,3720.0,112.0,7.0,4.0,0.0,2.0,0.0,2088.0,-87.68630413323882,41.95143455806191
432784,14191090300000,2020.0,278,3720.0,15.0,8.0,5.0,3.0,3.0,1.0,2976.0,-87.68630123533741,41.951352381606
432785,14191090310000,2020.0,278,3720.0,9.0,8.0,4.0,2.0,3.0,1.0,3224.0,-87.6862984353532,41.95127024551002
432791,14191090370000,2020.0,278,3720.0,9.0,10.0,5.0,1.0,3.0,1.0,3124.0,-87.68628138215003,41.950777233009006
432792,14191090380000,2020.0,278,3720.0,9.0,10.0,4.0,0.0,3.0,1.0,3259.0,-87.68627855562337,41.95069508385133
432796,14191100020000,2020.0,205,3720.0,95.0,7.0,4.0,0.0,1.0,1.0,1974.0,-87.68561902334945,41.95202161850693
432797,14191100030000,2020.0,278,3720.0,9.0,8.0,4.0,1.0,3.0,0.0,2764.0,-87.68561625311244,41.95193938644092
432799,14191100050000,2020.0,278,3720.0,12.0,5.0,3.0,2.0,4.0,2.0,3022.0,-87.68561078637413,41.95177492238991
432800,14191100060000,2020.0,206,3720.0,109.0,12.0,4.0,0.0,2.0,0.0,2519.0,-87.685608016792,41.95169268996548
432801,14191100070000,2020.0,206,3720.0,110.0,8.0,4.0,0.0,2.0,0.0,2602.0,-87.68560528335826,41.95161045812932
432802,14191100080000,2020.0,203,3720.0,99.0,5.0,3.0,0.0,1.0,0.0,1126.0,-87.68560254952915,41.951528198861155
432803,14191100090000,2020.0,206,3720.0,110.0,9.0,5.0,0.0,2.0,0.0,2664.0,-87.68559977954251,41.9514459389751
432806,14191100120000,2020.0,203,3720.0,105.0,7.0,3.0,0.0,1.0,0.0,1519.0,-87.68559154292751,41.95119924284798
432808,14191100140000,2020.0,206,3720.0,107.0,10.0,5.0,0.0,3.0,0.0,3145.0,-87.6855860772038,41.951034751323164
432809,14191100150000,2020.0,206,3720.0,95.0,8.0,3.0,0.0,2.0,0.0,2738.0,-87.6855833076531,41.95095249165211
432811,14191100170000,2020.0,278,3720.0,12.0,8.0,4.0,2.0,2.0,1.0,3014.0,-87.68557782096475,41.95078802634881
432812,14191100180000,2020.0,278,3720.0,9.0,8.0,4.0,0.0,3.0,1.0,3580.0,-87.68557507030114,41.95070579530604
432814,14191100210000,2020.0,278,3624.0,17.0,9.0,3.0,2.0,3.0,1.0,2838.0,-87.68510662309359,41.95211148201117
432815,14191100220000,2020.0,278,3720.0,15.0,10.0,4.0,1.0,2.0,1.0,3486.0,-87.68510397352038,41.952030239852334
432816,14191100240000,2020.0,278,3720.0,9.0,11.0,6.0,3.0,4.0,1.0,3252.0,-87.6850985819522,41.95186566627477
432821,14191100290000,2020.0,206,3720.0,112.0,11.0,5.0,1.0,3.0,1.0,3432.0,-87.68508517848731,41.95145423331
432822,14191100300000,2020.0,208,3720.0,6.0,9.0,6.0,2.0,4.0,2.0,3818.0,-87.68508248399858,41.951371946600865
432823,14191100310000,2020.0,278,3720.0,9.0,8.0,4.0,1.0,3.0,1.0,2965.0,-87.68507978053624,41.95128967304179
432827,14191100350000,2020.0,205,3720.0,99.0,8.0,4.0,0.0,2.0,0.0,1794.0,-87.68506907949921,41.95096054069306
432828,14191100370000,2020.0,206,3720.0,117.0,10.0,6.0,1.0,3.0,1.0,2340.0,-87.68506370723996,41.95079593863099
432832,14191110020000,2020.0,206,3720.0,110.0,6.0,3.0,1.0,3.0,1.0,2518.0,-87.68440639529406,41.952041320814494
432835,14191110050000,2020.0,206,3720.0,112.0,8.0,4.0,1.0,3.0,1.0,2854.0,-87.68439850639464,41.95179450364801
432840,14191110110000,2020.0,278,3720.0,15.0,10.0,6.0,2.0,4.0,1.0,3472.0,-87.68438278099565,41.95130078563741
432841,14191110120000,2020.0,206,3720.0,110.0,8.0,4.0,1.0,2.0,0.0,2428.0,-87.6843801603788,41.95121849915107
432842,14191110130000,2020.0,278,3720.0,6.0,8.0,4.0,1.0,5.0,0.0,3038.0,-87.68437753913365,41.95113621301651
432843,14191110140000,2020.0,203,3720.0,122.0,7.0,3.0,0.0,2.0,0.0,1601.0,-87.68437491811474,41.951053926868326
432844,14191110150000,2020.0,205,3720.0,113.0,6.0,3.0,0.0,1.0,1.0,1896.0,-87.68437229754977,41.95097164043343
432845,14191110160000,2020.0,204,3720.0,117.0,7.0,3.0,0.0,2.0,0.0,1836.0,-87.68436967580787,41.95088935421019
432846,14191110170000,2020.0,206,3720.0,122.0,9.0,5.0,0.0,2.0,0.0,2372.0,-87.68436705556708,41.95080706793947
432849,14191110200000,2020.0,209,3624.0,108.0,12.0,6.0,0.0,6.0,1.0,5685.0,-87.68435952926228,41.95056127408217
432850,14191110220000,2020.0,206,4836.0,122.0,8.0,4.0,0.0,2.0,1.0,2267.0,-87.68389207462691,41.951978831590004
432851,14191110230000,2020.0,278,3720.0,6.0,9.0,5.0,2.0,4.0,2.0,3326.0,-87.6838892726622,41.95188419181849
432854,14191110260000,2020.0,206,3720.0,116.0,9.0,4.0,0.0,2.0,1.0,3032.0,-87.68388195793212,41.9516372966645
432855,14191110270000,2020.0,206,3720.0,112.0,6.0,3.0,1.0,3.0,1.0,2570.0,-87.68387953821305,41.951555010355214
432860,14191110330000,2020.0,206,3720.0,117.0,9.0,5.0,1.0,4.0,1.0,3209.0,-87.68386492053494,41.95106129837399
432862,14191110350000,2020.0,278,3720.0,17.0,8.0,4.0,1.0,2.0,1.0,2880.0,-87.68386007225128,41.95089668662102
432863,14191110360000,2020.0,206,3720.0,117.0,9.0,4.0,0.0,2.0,0.0,2505.0,-87.68385761063034,41.95081441546527
432868,14191120020000,2020.0,202,3436.0,98.0,5.0,2.0,0.0,1.0,0.0,946.0,-87.68319864066838,41.95205700435419
432871,14191120050000,2020.0,208,3596.0,6.0,8.0,5.0,0.0,4.0,1.0,4085.0,-87.68319210438705,41.951820346094024
432872,14191120060000,2020.0,205,3596.0,114.0,9.0,4.0,0.0,2.0,0.0,2008.0,-87.68318986250051,41.95174087565278
432875,14191120090000,2020.0,206,3596.0,116.0,9.0,4.0,0.0,2.0,0.0,2496.0,-87.68318325766394,41.95150203817742
432878,14191120120000,2020.0,206,3596.0,117.0,9.0,4.0,0.0,3.0,0.0,2934.0,-87.68317662360393,41.951263773735796
432879,14191120130000,2020.0,206,3596.0,116.0,10.0,3.0,0.0,2.0,0.0,2340.0,-87.68317445205997,41.95118430225266
432881,14191120150000,2020.0,206,3596.0,116.0,12.0,6.0,0.0,2.0,0.0,2442.0,-87.68316999256096,41.951025073409056
432882,14191120160000,2020.0,206,3224.0,116.0,12.0,5.0,0.0,3.0,1.0,2910.0,-87.68316800431663,41.950949497371504
432883,14191120170000,2020.0,278,4554.0,6.0,8.0,4.0,2.0,3.0,1.0,3417.0,-87.68268912209177,41.95213728369476
432884,14191120180000,2020.0,204,3100.0,123.0,5.0,3.0,0.0,1.0,1.0,1822.0,-87.68268687943244,41.952052746578914
432885,14191120190000,2020.0,278,3100.0,21.0,8.0,3.0,1.0,2.0,1.0,2394.0,-87.68268486995255,41.95198421377584
432886,14191120200000,2020.0,278,3100.0,6.0,8.0,4.0,0.0,4.0,2.0,2764.0,-87.68268296693968,41.95191569221904
432887,14191120210000,2020.0,203,3100.0,117.0,5.0,3.0,0.0,1.0,0.0,1142.0,-87.68268108591056,41.951847145873714
432888,14191120220000,2020.0,205,3720.0,112.0,8.0,4.0,0.0,2.0,0.0,1980.0,-87.68267890446627,41.95177175037293
432890,14191120240000,2020.0,206,3596.0,119.0,8.0,4.0,1.0,3.0,1.0,2744.0,-87.68267438767124,41.951611407150516
432891,14191120250000,2020.0,278,3596.0,3.0,9.0,4.0,2.0,4.0,1.0,3160.0,-87.68267218485128,41.95153193606489
432892,14191120260000,2020.0,205,3596.0,118.0,9.0,5.0,0.0,3.0,1.0,1732.0,-87.68266995353457,41.95145240979528
432893,14191120270000,2020.0,206,3596.0,112.0,8.0,4.0,0.0,2.0,0.0,2448.0,-87.68266766104738,41.95137289781032
432894,14191120280000,2020.0,278,3720.0,12.0,8.0,4.0,2.0,2.0,1.0,2972.0,-87.68266543331885,41.951292053493184
432896,14191120300000,2020.0,206,3844.0,111.0,12.0,6.0,0.0,3.0,1.0,2569.0,-87.6826608337074,41.95112896610004
432898,14191120320000,2020.0,278,3720.0,6.0,8.0,4.0,1.0,3.0,1.0,3281.0,-87.68265611582132,41.95096262727262
432900,14191120350000,2020.0,206,3509.0,112.0,10.0,4.0,1.0,3.0,1.0,2298.0,-87.68308611928904,41.95070571094573
432903,14191120390000,2020.0,278,3630.0,14.0,8.0,3.0,2.0,3.0,1.0,3528.0,-87.68266045422399,41.95071154473466
432904,14191130010000,2020.0,206,4555.0,128.0,10.0,6.0,1.0,3.0,1.0,3110.0,-87.68199218739953,41.95214695509466
432905,14191130020000,2020.0,206,3472.0,128.0,9.0,4.0,0.0,3.0,2.0,2228.0,-87.68198972030741,41.95205819470176
432906,14191130030000,2020.0,203,3720.0,127.0,6.0,3.0,0.0,2.0,1.0,1683.0,-87.68198750598808,41.95197865393583
432907,14191130040000,2020.0,205,3720.0,122.0,6.0,4.0,0.0,2.0,1.0,1646.0,-87.68198518567793,41.95189637039591
432908,14191130050000,2020.0,205,3720.0,118.0,7.0,4.0,0.0,1.0,1.0,1536.0,-87.6819829127858,41.95181408575471
432909,14191130060000,2020.0,278,3724.0,14.0,8.0,4.0,2.0,2.0,1.0,2978.0,-87.6819806227892,41.951731773934014
432910,14191130070000,2020.0,206,3720.0,109.0,10.0,6.0,0.0,2.0,0.0,2540.0,-87.68197831076685,41.951649460812014
432915,14191130120000,2020.0,208,3720.0,12.0,9.0,5.0,2.0,3.0,1.0,4846.0,-87.68196594592733,41.95120502123426
432916,14191130130000,2020.0,208,3720.0,12.0,9.0,5.0,2.0,3.0,1.0,4846.0,-87.68196364246133,41.95112270791121
432917,14191130140000,2020.0,208,3720.0,6.0,8.0,5.0,0.0,3.0,1.0,3879.0,-87.68196132893671,41.9510403966779
432918,14191130150000,2020.0,206,3100.0,110.0,8.0,4.0,0.0,4.0,1.0,3143.0,-87.6819592456819,41.950964918968424
432921,14191130190000,2020.0,205,3720.0,122.0,7.0,4.0,0.0,1.0,1.0,1536.0,-87.68147010241677,41.95189778240529
432922,14191130200000,2020.0,278,3720.0,9.0,10.0,5.0,1.0,3.0,1.0,3170.0,-87.6814678432666,41.951815469555605
432923,14191130210000,2020.0,205,3720.0,122.0,7.0,4.0,0.0,2.0,0.0,1590.0,-87.68146557965612,41.95173315906388
432925,14191130230000,2020.0,206,3720.0,117.0,6.0,3.0,0.0,2.0,0.0,3049.0,-87.68146105832224,41.9515685893028
432927,14191130270000,2020.0,206,4340.0,122.0,8.0,4.0,1.0,2.0,1.0,3108.0,-87.68145071234605,41.951191338549215
432931,14191130320000,2020.0,206,5445.0,112.0,9.0,4.0,0.0,2.0,2.0,3084.0,-87.68188810233423,41.9507220251338
432934,14191130350000,2020.0,206,3630.0,112.0,9.0,4.0,0.0,1.0,0.0,2838.0,-87.68148429633774,41.95072746106894
432935,14191130360000,2020.0,206,6921.0,110.0,10.0,4.0,1.0,3.0,0.0,3202.0,-87.68131514573945,41.950729802070455
432936,14191130390000,2020.0,206,8067.0,122.0,10.0,5.0,2.0,4.0,1.0,3568.0,-87.68145747120988,41.95143825048316
432938,14191140030000,2020.0,203,4340.0,122.0,6.0,3.0,1.0,2.0,1.0,1609.0,-87.68077316444459,41.95196923289825
432939,14191140040000,2020.0,278,4340.0,9.0,8.0,4.0,0.0,3.0,1.0,3446.0,-87.68077054159835,41.9518732529468
432940,14191140050000,2020.0,278,4340.0,21.0,9.0,4.0,1.0,3.0,1.0,2976.0,-87.68076793916532,41.951777259198735
432942,14191140070000,2020.0,278,4340.0,6.0,8.0,4.0,2.0,4.0,1.0,3448.0,-87.68076264942854,41.95158505268851
432943,14191140080000,2020.0,278,4340.0,15.0,10.0,4.0,2.0,3.0,1.0,3786.0,-87.68076005710296,41.95148903298185
432944,14191140090000,2020.0,206,4340.0,120.0,10.0,6.0,0.0,2.0,0.0,2748.0,-87.68075747441073,41.95139302253851
432946,14191140110000,2020.0,208,4340.0,3.0,9.0,4.0,2.0,4.0,2.0,4031.0,-87.68075227146302,41.95120105006009
432947,14191140120000,2020.0,206,4340.0,117.0,7.0,4.0,1.0,3.0,1.0,2641.0,-87.68074960472497,41.951105043422835
432948,14191140130000,2020.0,208,4960.0,14.0,9.0,4.0,3.0,4.0,1.0,4105.0,-87.68074681621262,41.951002132904875
432949,14191140140000,2020.0,206,7661.0,118.0,8.0,5.0,2.0,2.0,2.0,2604.0,-87.680262965407,41.952136127185845
432950,14191140150000,2020.0,205,3100.0,122.0,6.0,4.0,0.0,1.0,2.0,1682.0,-87.68025957760771,41.952016739447345
432951,14191140160000,2020.0,205,3720.0,112.0,6.0,4.0,0.0,2.0,0.0,1652.0,-87.68025756563166,41.95194132936561
432952,14191140170000,2020.0,205,3720.0,112.0,7.0,4.0,0.0,2.0,1.0,1636.0,-87.68025531642056,41.95185904495535
432953,14191140180000,2020.0,206,3410.0,109.0,10.0,5.0,1.0,4.0,1.0,2314.0,-87.68025318816811,41.95178018928124
432954,14191140190000,2020.0,205,3410.0,110.0,6.0,3.0,0.0,2.0,0.0,1476.0,-87.68025114024836,41.951704769757285
432955,14191140200000,2020.0,278,3720.0,6.0,8.0,5.0,0.0,5.0,1.0,3072.0,-87.68024900801592,41.95162603826269
432957,14191140220000,2020.0,278,3720.0,9.0,8.0,4.0,2.0,3.0,1.0,3152.0,-87.68024486188389,41.95147515233115
432958,14191140230000,2020.0,206,3100.0,127.0,8.0,4.0,0.0,2.0,1.0,3492.0,-87.68024283363232,41.951399523366234
432960,14191140250000,2020.0,206,4030.0,112.0,8.0,3.0,1.0,3.0,0.0,3173.0,-87.68023840211939,41.951238373552556
432961,14191140260000,2020.0,206,4030.0,117.0,11.0,5.0,0.0,2.0,0.0,2859.0,-87.68023599517612,41.95114922648875
432965,14191140300000,2020.0,205,3630.0,117.0,10.0,4.0,0.0,1.0,1.0,1802.0,-87.68070212528333,41.9507382099734
432972,14191150030000,2020.0,206,3720.0,107.0,6.0,4.0,0.0,2.0,1.0,2941.0,-87.6795573656748,41.95186903814292
432977,14191150080000,2020.0,208,4340.0,13.0,10.0,5.0,2.0,4.0,1.0,4600.0,-87.67954410524727,41.95139500933819
432993,14191150350000,2020.0,204,4960.0,117.0,8.0,3.0,1.0,1.0,1.0,2791.0,-87.67953356687819,41.95101857911045
432994,14191150360000,2020.0,206,3720.0,113.0,9.0,4.0,3.0,3.0,1.0,2832.0,-87.67953622972286,41.95111338125758
433000,14191160220000,2020.0,206,3720.0,96.0,8.0,4.0,0.0,3.0,0.0,2586.0,-87.68750432413059,41.94992311310616
433004,14191160260000,2020.0,278,3720.0,3.0,10.0,6.0,0.0,4.0,2.0,3264.0,-87.68749355043958,41.94959391241463
433005,14191160270000,2020.0,206,3720.0,108.0,8.0,5.0,1.0,4.0,1.0,3098.0,-87.68749085148964,41.94951162593251
433006,14191160280000,2020.0,278,3720.0,6.0,10.0,5.0,2.0,4.0,1.0,3248.0,-87.68748815455413,41.949429311928355
433007,14191160290000,2020.0,206,3720.0,109.0,8.0,3.0,2.0,3.0,1.0,2382.0,-87.6874854556724,41.94934699760906
433008,14191160300000,2020.0,278,3720.0,3.0,10.0,5.0,2.0,4.0,1.0,3039.0,-87.68748277502064,41.9492647097613
433009,14191160310000,2020.0,206,3720.0,104.0,11.0,5.0,0.0,4.0,0.0,3351.0,-87.6874800955197,41.94918242421372
433013,14191160350000,2020.0,206,3720.0,107.0,8.0,4.0,0.0,3.0,0.0,2454.0,-87.68746930282346,41.94885322250959
433018,14191180030000,2020.0,278,3720.0,6.0,9.0,5.0,2.0,4.0,2.0,3481.0,-87.68559148359806,41.95011724530058
433021,14191180060000,2020.0,206,3720.0,106.0,9.0,4.0,0.0,3.0,1.0,2895.0,-87.6855838582184,41.94987083994741
433025,14191180100000,2020.0,278,3720.0,6.0,10.0,5.0,2.0,4.0,1.0,3248.0,-87.68557367525345,41.94954230105739
433028,14191180130000,2020.0,204,3720.0,97.0,7.0,4.0,0.0,1.0,1.0,1896.0,-87.68556602348005,41.949295882787574
433029,14191180140000,2020.0,206,3720.0,107.0,10.0,5.0,0.0,5.0,1.0,3017.0,-87.68556349257457,41.94921376248797
433030,14191180150000,2020.0,206,3720.0,104.0,12.0,6.0,0.0,2.0,1.0,2680.0,-87.68556091481216,41.94913162577779
433038,14191180240000,2020.0,278,3720.0,6.0,10.0,6.0,2.0,4.0,1.0,3168.0,-87.68506289791675,41.950043446756105
433040,14191180260000,2020.0,205,3720.0,107.0,7.0,3.0,0.0,2.0,1.0,1952.0,-87.68505857159269,41.9498791832823
433041,14191180270000,2020.0,205,3720.0,107.0,7.0,3.0,0.0,1.0,1.0,1440.0,-87.6850563810973,41.9497970224009
433044,14191180300000,2020.0,278,3720.0,21.0,9.0,4.0,3.0,3.0,1.0,2623.0,-87.68504991544303,41.949550594869514
433048,14191180340000,2020.0,206,3720.0,108.0,10.0,5.0,0.0,3.0,0.0,2819.0,-87.68504125367477,41.949222051707885
433052,14191180380000,2020.0,206,3720.0,104.0,12.0,6.0,0.0,3.0,0.0,3200.0,-87.6850326066925,41.94889345225961
433053,14191180390000,2020.0,206,3720.0,107.0,7.0,3.0,0.0,3.0,1.0,3190.0,-87.68503051826882,41.948811481609596
433055,14191190010000,2020.0,278,3620.0,6.0,7.0,4.0,2.0,4.0,2.0,3242.0,-87.68436486900058,41.950299953449324
433056,14191190020000,2020.0,205,3720.0,97.0,7.0,4.0,0.0,2.0,0.0,2123.0,-87.68436305566178,41.950218932813776
433058,14191190040000,2020.0,205,3720.0,108.0,9.0,4.0,0.0,3.0,0.0,2010.0,-87.68435908315173,41.950054670173394
433059,14191190050000,2020.0,205,3720.0,107.0,6.0,3.0,0.0,1.0,0.0,1872.0,-87.68435714048798,41.949972523965
433060,14191190060000,2020.0,206,3720.0,107.0,10.0,5.0,0.0,4.0,1.0,3056.0,-87.68435517925452,41.94989037858978
433061,14191190070000,2020.0,206,3720.0,110.0,10.0,4.0,0.0,4.0,0.0,3720.0,-87.68435323835959,41.949808234360724
433064,14191190100000,2020.0,206,3720.0,107.0,7.0,4.0,3.0,3.0,1.0,3180.0,-87.68434735677587,41.94956182563644
433067,14191190130000,2020.0,206,3720.0,102.0,9.0,4.0,0.0,3.0,1.0,2864.0,-87.68434151209479,41.949315362251966
433068,14191190140000,2020.0,206,3720.0,112.0,9.0,5.0,0.0,2.0,0.0,2335.0,-87.68433953173748,41.94923321564236
433071,14191190170000,2020.0,205,3720.0,107.0,8.0,4.0,1.0,3.0,1.0,2118.0,-87.68433368682466,41.948986779684624
433073,14191190190000,2020.0,206,3720.0,107.0,8.0,4.0,0.0,2.0,0.0,2644.0,-87.68432924095886,41.9488221817519
433076,14191190220000,2020.0,205,3720.0,80.0,6.0,3.0,0.0,1.0,1.0,1200.0,-87.68384892298693,41.95022700126628
433077,14191190230000,2020.0,278,3720.0,15.0,8.0,4.0,1.0,3.0,1.0,3310.0,-87.68384696758494,41.95014496774189
433080,14191190260000,2020.0,203,3720.0,95.0,5.0,3.0,0.0,1.0,0.0,1028.0,-87.6838412341511,41.9498985327622
433082,14191190280000,2020.0,206,3720.0,97.0,9.0,4.0,0.0,2.0,1.0,2809.0,-87.68383742487214,41.949734242425336
433086,14191190320000,2020.0,278,3720.0,12.0,8.0,4.0,1.0,3.0,2.0,3118.0,-87.68382981135589,41.949405674211725
433087,14191190330000,2020.0,278,3720.0,13.0,10.0,6.0,2.0,3.0,1.0,3008.0,-87.68382786429073,41.949323515681364
433088,14191190340000,2020.0,278,3720.0,21.0,9.0,5.0,1.0,3.0,1.0,2880.0,-87.68382592290273,41.949241371518774
433090,14191190360000,2020.0,206,3720.0,108.0,8.0,4.0,0.0,2.0,0.0,2272.0,-87.68382211352025,41.949077081299926
433091,14191190370000,2020.0,206,3720.0,107.0,10.0,4.0,0.0,2.0,2.0,2565.0,-87.68382018954503,41.94899493615502
433096,14191200020000,2020.0,278,3750.0,12.0,6.0,3.0,1.0,2.0,1.0,3299.0,-87.68322258800414,41.95018557388443
433098,14191200040000,2020.0,278,3750.0,13.0,8.0,4.0,2.0,3.0,1.0,3046.0,-87.68300232526366,41.95018852374326
433099,14191200050000,2020.0,205,3750.0,120.0,7.0,3.0,0.0,1.0,1.0,1232.0,-87.68289220738234,41.95019001453049
433106,14191200140000,2020.0,206,3125.0,122.0,8.0,4.0,0.0,2.0,1.0,2408.0,-87.68196548166499,41.950202446777276
433108,14191200160000,2020.0,206,3125.0,122.0,11.0,5.0,0.0,2.0,0.0,2569.0,-87.68178201721582,41.95020487744146
433109,14191200170000,2020.0,206,3125.0,122.0,8.0,4.0,0.0,2.0,0.0,2442.0,-87.68169025045124,41.950206098654576
433110,14191200180000,2020.0,206,3125.0,122.0,8.0,4.0,0.0,2.0,1.0,2374.0,-87.68159851906512,41.950207334732525
433112,14191200200000,2020.0,206,3125.0,122.0,10.0,4.0,0.0,2.0,0.0,2542.0,-87.68141505535051,41.95020980533697
433113,14191200210000,2020.0,208,3125.0,6.0,10.0,5.0,2.0,4.0,1.0,4682.0,-87.68132332400346,41.95021104099903
433114,14191200220000,2020.0,208,2769.0,6.0,10.0,5.0,2.0,4.0,1.0,4682.0,-87.68123677651107,41.95021219582888
433116,14191200260000,2020.0,205,3750.0,122.0,7.0,4.0,0.0,2.0,0.0,1337.0,-87.68298376064519,41.949801416597225
433117,14191200270000,2020.0,278,3750.0,15.0,9.0,5.0,2.0,3.0,1.0,3024.0,-87.68287364665638,41.949802906965445
433119,14191200290000,2020.0,204,3125.0,122.0,7.0,3.0,0.0,1.0,1.0,1869.0,-87.6826437136084,41.949806007056324
433120,14191200300000,2020.0,203,3625.0,122.0,7.0,3.0,1.0,1.0,1.0,1613.0,-87.68254459288461,41.94980733900274
433121,14191200310000,2020.0,205,3625.0,122.0,6.0,4.0,0.0,2.0,0.0,1436.0,-87.68243811805532,41.94980879357778
433122,14191200320000,2020.0,205,3625.0,122.0,6.0,4.0,0.0,1.0,0.0,1436.0,-87.68233246657901,41.94981013919066
433123,14191200330000,2020.0,278,3125.0,18.0,8.0,4.0,2.0,3.0,1.0,2488.0,-87.68223339010963,41.949811696996846
433124,14191200340000,2020.0,206,3125.0,122.0,6.0,3.0,1.0,2.0,0.0,2592.0,-87.68214082735828,41.949812830210185
433125,14191200350000,2020.0,278,3750.0,15.0,9.0,5.0,3.0,3.0,2.0,3396.0,-87.68203876583748,41.94981421122192
433126,14191200360000,2020.0,278,3750.0,9.0,8.0,4.0,1.0,1.0,0.0,3503.0,-87.68192754725251,41.949815732000154
433127,14191200370000,2020.0,206,3750.0,112.0,15.0,6.0,0.0,4.0,1.0,3264.0,-87.68181743549034,41.94981721657815
433129,14191200390000,2020.0,206,3750.0,122.0,9.0,4.0,0.0,2.0,1.0,2648.0,-87.68159724317243,41.94982018824397
433133,14191200430000,2020.0,206,1239.0,111.0,8.0,4.0,0.0,2.0,0.0,2213.0,-87.68331473626479,41.94991199811778
433137,14191210030000,2020.0,278,3125.0,6.0,8.0,4.0,2.0,4.0,2.0,2564.0,-87.68063185778573,41.95022068289577
433140,14191210060000,2020.0,205,3125.0,121.0,6.0,4.0,0.0,2.0,1.0,1658.0,-87.68026434361283,41.950225781371074
433141,14191210070000,2020.0,206,4687.0,122.0,11.0,5.0,1.0,5.0,1.0,2792.0,-87.68014951780293,41.95022736129312
433142,14191210080000,2020.0,206,4687.0,117.0,9.0,6.0,0.0,2.0,0.0,2816.0,-87.68001168393135,41.950229274255285
433143,14191210090000,2020.0,205,3125.0,119.0,7.0,4.0,0.0,2.0,0.0,1408.0,-87.67989678980138,41.950230867077664
433144,14191210100000,2020.0,205,3125.0,119.0,7.0,4.0,0.0,1.0,0.0,1768.0,-87.67980491030781,41.9502321550115
433145,14191210110000,2020.0,203,3125.0,118.0,8.0,3.0,0.0,1.0,1.0,1617.0,-87.6797130297615,41.950233429621264
433146,14191210120000,2020.0,205,3125.0,119.0,6.0,4.0,1.0,1.0,1.0,1512.0,-87.67962115204175,41.95023470346549
433148,14191210140000,2020.0,205,3125.0,122.0,7.0,4.0,0.0,2.0,0.0,1947.0,-87.6794373570759,41.950237251889746
433153,14191210220000,2020.0,205,3750.0,119.0,8.0,4.0,0.0,1.0,1.0,1652.0,-87.68077769050616,41.949831557978534
433154,14191210230000,2020.0,205,3750.0,122.0,8.0,4.0,0.0,2.0,0.0,2034.0,-87.68066742749016,41.949833085640506
433155,14191210240000,2020.0,205,3750.0,132.0,7.0,4.0,0.0,2.0,1.0,1810.0,-87.68055716653792,41.94983459943882
433156,14191210250000,2020.0,205,3750.0,114.0,7.0,4.0,1.0,2.0,0.0,1706.0,-87.68044690489945,41.949836113365514
433157,14191210260000,2020.0,205,3750.0,120.0,8.0,5.0,1.0,2.0,0.0,2044.0,-87.68033664426943,41.949837639492046
433158,14191210270000,2020.0,205,3750.0,120.0,9.0,4.0,0.0,2.0,0.0,1861.0,-87.68022638150704,41.94983916729893
433159,14191210290000,2020.0,206,3750.0,120.0,11.0,6.0,1.0,3.0,1.0,3775.0,-87.68000585959986,41.94984223375762
433161,14191210310000,2020.0,205,3750.0,120.0,6.0,3.0,0.0,1.0,1.0,1632.0,-87.6797853349153,41.94984527379117
433162,14191210320000,2020.0,205,3750.0,120.0,7.0,4.0,0.0,1.0,1.0,1706.0,-87.67967507367268,41.9498467869926
433163,14191210330000,2020.0,206,3750.0,118.0,6.0,3.0,1.0,3.0,1.0,2218.0,-87.67956481350417,41.949848313020794
433164,14191210340000,2020.0,206,4406.0,120.0,7.0,5.0,0.0,3.0,1.0,2464.0,-87.67944501000086,41.94984999454596
433165,14191210350000,2020.0,204,4137.0,72.0,7.0,3.0,0.0,2.0,1.0,2099.0,-87.67931952646995,41.94985168844266
433166,14191210360000,2020.0,206,4125.0,119.0,10.0,4.0,1.0,2.0,1.0,2882.0,-87.67919807034863,41.9498533731947
433172,14191220070000,2020.0,278,3125.0,18.0,8.0,4.0,3.0,3.0,1.0,2284.0,-87.68267764875188,41.94928115044501
433173,14191220080000,2020.0,278,3125.0,14.0,9.0,5.0,4.0,3.0,1.0,2720.0,-87.6825857725321,41.94928239932138
433174,14191220090000,2020.0,278,3125.0,14.0,8.0,4.0,2.0,3.0,1.0,2732.0,-87.68249389406502,41.94928364885757
433175,14191220100000,2020.0,278,3125.0,21.0,9.0,4.0,1.0,2.0,1.0,2400.0,-87.68240201809391,41.94928489810267
433176,14191220110000,2020.0,205,3125.0,122.0,7.0,4.0,0.0,1.0,0.0,1197.0,-87.68231073275294,41.94928560314872
433177,14191220120000,2020.0,205,3125.0,122.0,7.0,3.0,0.0,1.0,1.0,1800.0,-87.68221888208966,41.949287904898604
433178,14191220130000,2020.0,203,3125.0,122.0,8.0,4.0,0.0,1.0,0.0,1762.0,-87.68212638540969,41.949288630634
433179,14191220140000,2020.0,278,3125.0,14.0,9.0,4.0,3.0,3.0,1.0,2868.0,-87.68203446994498,41.94928988022126
433181,14191220160000,2020.0,203,3750.0,122.0,6.0,3.0,0.0,1.0,0.0,1452.0,-87.68182306816863,41.94929275162117
433183,14191220180000,2020.0,208,3750.0,9.0,9.0,5.0,2.0,4.0,1.0,4172.0,-87.68160251123831,41.94929573007626
433184,14191220190000,2020.0,203,3750.0,122.0,8.0,4.0,0.0,1.0,0.0,1779.0,-87.68149228758757,41.949297208393574
433185,14191220200000,2020.0,208,4500.0,3.0,9.0,5.0,1.0,3.0,2.0,3930.0,-87.68137099588046,41.949298854131314
433186,14191220220000,2020.0,205,2768.0,114.0,7.0,4.0,0.0,2.0,1.0,1632.0,-87.68330683656283,41.94888579952492
433187,14191220230000,2020.0,203,3125.0,117.0,6.0,3.0,0.0,1.0,1.0,1334.0,-87.68322008809129,41.94888692897859
433188,14191220240000,2020.0,202,4125.0,117.0,4.0,2.0,0.0,1.0,0.0,792.0,-87.68311346697915,41.948888345130854
433189,14191220250000,2020.0,208,4250.0,9.0,14.0,7.0,2.0,4.0,1.0,4255.0,-87.68299030330407,41.94888998541629
433190,14191220260000,2020.0,203,4125.0,116.0,6.0,3.0,0.0,1.0,0.0,1188.0,-87.68286721425692,41.94889162575696
433191,14191220270000,2020.0,278,3125.0,3.0,7.0,4.0,1.0,4.0,1.0,2605.0,-87.68276066715076,41.94889304006721
433192,14191220280000,2020.0,203,3125.0,106.0,7.0,4.0,0.0,1.0,0.0,1386.0,-87.68266875497972,41.948894261384076
433193,14191220290000,2020.0,206,3125.0,112.0,11.0,5.0,0.0,2.0,0.0,2302.0,-87.68257687717535,41.94889548363724
433194,14191220300000,2020.0,206,3125.0,112.0,7.0,4.0,0.0,4.0,0.0,2348.0,-87.68248500195227,41.948896704401875
433195,14191220310000,2020.0,278,3125.0,15.0,7.0,3.0,1.0,2.0,1.0,2500.0,-87.68239312394691,41.948897927120946
433196,14191220320000,2020.0,205,3125.0,117.0,9.0,5.0,0.0,2.0,0.0,2024.0,-87.68230090394108,41.948898615289984
433197,14191220330000,2020.0,203,3125.0,112.0,6.0,3.0,0.0,1.0,1.0,1323.0,-87.68220905439522,41.94890094936453
433198,14191220340000,2020.0,202,3125.0,112.0,5.0,2.0,0.0,1.0,0.0,882.0,-87.68211749391389,41.94890160552907
433199,14191220350000,2020.0,206,3125.0,117.0,6.0,3.0,0.0,1.0,1.0,2268.0,-87.6820255817714,41.94890282613764
433200,14191220360000,2020.0,203,3125.0,117.0,7.0,4.0,0.0,2.0,0.0,1581.0,-87.68193370370979,41.94890404833942
433201,14191220370000,2020.0,206,3125.0,112.0,9.0,4.0,0.0,2.0,1.0,2532.0,-87.68184182802159,41.948905268343005
433202,14191220380000,2020.0,206,3437.0,112.0,10.0,5.0,1.0,2.0,0.0,2344.0,-87.68174531938008,41.948906532860455
433203,14191220390000,2020.0,206,3437.0,112.0,8.0,4.0,0.0,2.0,0.0,2472.0,-87.68164421538145,41.94890786272421
433205,14191220410000,2020.0,206,4687.0,117.0,10.0,5.0,0.0,4.0,1.0,3902.0,-87.68140530091577,41.94891104768196
433206,14191220480000,2020.0,203,2671.0,117.0,6.0,3.0,0.0,1.0,1.0,1542.0,-87.68125106296614,41.94900782010095
433208,14191230010000,2020.0,208,7505.0,6.0,10.0,5.0,2.0,4.0,2.0,4658.0,-87.68081877524173,41.94930649158182
433209,14191230020000,2020.0,206,3752.0,117.0,7.0,4.0,0.0,2.0,0.0,2947.0,-87.68065344039066,41.949308724830125
433210,14191230030000,2020.0,205,3752.0,122.0,7.0,4.0,0.0,2.0,0.0,1826.0,-87.68054314289797,41.94931023717261
433211,14191230040000,2020.0,205,4690.0,122.0,7.0,4.0,1.0,1.0,0.0,2003.0,-87.68041905661573,41.94931196090659
433212,14191230050000,2020.0,206,3752.0,119.0,9.0,4.0,0.0,2.0,2.0,2938.0,-87.68029497397701,41.94931368363584
433213,14191230060000,2020.0,206,4690.0,122.0,12.0,5.0,2.0,4.0,1.0,3517.0,-87.6801708880558,41.9493153791076
433214,14191230080000,2020.0,206,3752.0,122.0,9.0,4.0,0.0,2.0,0.0,2258.0,-87.6799365058416,41.94931860094567
433215,14191230090000,2020.0,205,3752.0,117.0,7.0,4.0,0.0,2.0,0.0,1778.0,-87.67982621012014,41.94932012708607
433216,14191230100000,2020.0,205,3752.0,119.0,7.0,4.0,0.0,2.0,0.0,1800.0,-87.67971591302447,41.949321640124104
433217,14191230110000,2020.0,205,3752.0,121.0,9.0,4.0,0.0,2.0,1.0,2128.0,-87.67960559616877,41.94932318609178
433218,14191230120000,2020.0,204,3125.0,122.0,7.0,3.0,1.0,3.0,0.0,1956.0,-87.67950449043893,41.94932455713382
433219,14191230130000,2020.0,205,3125.0,113.0,7.0,4.0,0.0,2.0,1.0,1560.0,-87.67941242622435,41.94932572540598
433220,14191230150000,2020.0,205,4125.0,118.0,9.0,4.0,1.0,1.0,0.0,2200.0,-87.67918446293132,41.949328986074796
433221,14191230160000,2020.0,206,4125.0,116.0,8.0,4.0,1.0,2.0,0.0,2428.0,-87.67906320953784,41.94933065557561
433222,14191230170000,2020.0,203,4125.0,109.0,5.0,2.0,0.0,1.0,0.0,1773.0,-87.67894195611525,41.9493323240804
433223,14191230180000,2020.0,205,4625.0,110.0,7.0,4.0,0.0,2.0,1.0,1644.0,-87.67881331050727,41.949334102963626
433227,14191230230000,2020.0,208,4687.0,6.0,12.0,6.0,2.0,3.0,1.0,4305.0,-87.68029804666975,41.94892607672596
433228,14191230240000,2020.0,278,4687.0,9.0,12.0,6.0,0.0,3.0,1.0,3366.0,-87.68016028452125,41.94892796938888
433233,14191230290000,2020.0,205,3578.0,111.0,9.0,5.0,0.0,2.0,0.0,2200.0,-87.67961795807483,41.94893541044061
433242,14191240140000,2020.0,206,3720.0,97.0,8.0,4.0,3.0,3.0,0.0,3082.0,-87.6874531458378,41.94834532031458
433247,14191240190000,2020.0,205,3720.0,104.0,10.0,4.0,0.0,2.0,0.0,2030.0,-87.68743961996157,41.94793377892677
433250,14191240220000,2020.0,278,3720.0,3.0,10.0,5.0,2.0,4.0,1.0,2997.0,-87.6874314897291,41.94768680890874
433254,14191240260000,2020.0,206,3710.0,104.0,12.0,5.0,0.0,3.0,0.0,3208.0,-87.68741719601441,41.94727546290689
433255,14191240290000,2020.0,210,2778.0,91.0,8.0,3.0,0.0,2.0,1.0,2587.0,-87.68742298568614,41.947429562975636
433256,14191240300000,2020.0,210,2785.0,91.0,8.0,3.0,0.0,2.0,1.0,2587.0,-87.68742509052908,41.94749131930846
433257,14191250020000,2020.0,206,3720.0,107.0,12.0,6.0,0.0,5.0,3.0,3160.0,-87.68675466319728,41.948356701731335
433259,14191250040000,2020.0,206,3720.0,116.0,10.0,6.0,0.0,3.0,1.0,3264.0,-87.68674930443501,41.948192183148365
433260,14191250050000,2020.0,278,3720.0,6.0,9.0,5.0,2.0,3.0,1.0,3336.0,-87.68674664282122,41.94810995158093
433261,14191250060000,2020.0,205,3720.0,106.0,10.0,4.0,0.0,2.0,2.0,2132.0,-87.68674394518914,41.94802769240937
433263,14191250080000,2020.0,206,3720.0,106.0,10.0,4.0,0.0,2.0,2.0,2927.0,-87.68673862412315,41.94786317405469
433270,14191250150000,2020.0,206,3710.0,94.0,12.0,4.0,0.0,2.0,0.0,2771.0,-87.68672062459761,41.94728743527687
433272,14191250170000,2020.0,206,3720.0,95.0,10.0,5.0,0.0,3.0,1.0,2814.0,-87.68623866850714,41.948365156960904
433276,14191250210000,2020.0,205,3720.0,106.0,10.0,4.0,0.0,2.0,0.0,2148.0,-87.68622806376796,41.94803620280154
433278,14191250230000,2020.0,206,3720.0,106.0,9.0,4.0,0.0,2.0,2.0,2912.0,-87.68622278000754,41.947871684814395
433279,14191250240000,2020.0,206,3720.0,102.0,10.0,5.0,1.0,4.0,1.0,3400.0,-87.68622012058914,41.947789398455726
433280,14191250250000,2020.0,206,3720.0,108.0,8.0,4.0,0.0,2.0,0.0,2518.0,-87.68621745803557,41.947707137351344
433296,14191260030000,2020.0,205,3720.0,104.0,10.0,4.0,0.0,3.0,2.0,2134.0,-87.68553786545053,41.94829520525206
433298,14191260060000,2020.0,206,3720.0,107.0,9.0,6.0,0.0,2.0,2.0,2511.0,-87.6855299237106,41.948048455409776
433310,14191260180000,2020.0,206,3720.0,112.0,11.0,4.0,0.0,2.0,0.0,2828.0,-87.68502462463861,41.94830363660369
433313,14191260210000,2020.0,206,3720.0,102.0,10.0,5.0,0.0,4.0,1.0,3197.0,-87.68501618920092,41.94805688505085
433314,14191260220000,2020.0,206,3720.0,97.0,11.0,5.0,0.0,2.0,0.0,3149.0,-87.68501340159094,41.9479746242731
433317,14191260250000,2020.0,206,3720.0,110.0,8.0,4.0,0.0,2.0,1.0,2604.0,-87.68500500249836,41.947727900370595
433318,14191260260000,2020.0,206,3720.0,107.0,10.0,4.0,0.0,2.0,0.0,2564.0,-87.68500221441259,41.947645667048015
433320,14191260280000,2020.0,206,3720.0,112.0,11.0,6.0,0.0,3.0,0.0,2729.0,-87.68499656533851,41.947481174084494
433322,14191260300000,2020.0,206,3720.0,104.0,8.0,4.0,1.0,3.0,1.0,2332.0,-87.68499099176805,41.94731665467435
433334,14191270040000,2020.0,206,3720.0,112.0,8.0,4.0,0.0,2.0,0.0,2820.0,-87.6843217515115,41.94823144170707
433338,14191270080000,2020.0,206,3720.0,97.0,10.0,5.0,1.0,3.0,1.0,3477.0,-87.68431044963367,41.947902000835995
433340,14191270100000,2020.0,206,3720.0,112.0,8.0,4.0,1.0,2.0,1.0,2742.0,-87.68430478811976,41.94773728995296
433341,14191270110000,2020.0,206,3720.0,112.0,8.0,4.0,0.0,4.0,0.0,2514.0,-87.68430194706657,41.94765494730609
433342,14191270120000,2020.0,206,3720.0,107.0,8.0,4.0,0.0,2.0,0.0,3032.0,-87.68429915093037,41.94757259191921
433343,14191270130000,2020.0,206,3720.0,112.0,9.0,4.0,1.0,2.0,0.0,2868.0,-87.68429629518351,41.94749024836508
433344,14191270140000,2020.0,206,3720.0,112.0,12.0,5.0,0.0,3.0,0.0,3178.0,-87.68429349806253,41.94740789282261
433354,14191270240000,2020.0,205,3720.0,109.0,10.0,4.0,0.0,2.0,0.0,2137.0,-87.68379059505467,41.94782646385315
433358,14191270280000,2020.0,278,3720.0,6.0,10.0,4.0,2.0,4.0,1.0,3237.0,-87.68378058170387,41.94749704745522
433366,14191270400000,2020.0,295,1734.0,21.0,6.0,3.0,1.0,1.0,1.0,1776.0,-87.68364097949446,41.9469471469438
433367,14191270410000,2020.0,295,1026.0,21.0,6.0,3.0,1.0,1.0,1.0,1776.0,-87.68364316506108,41.94701369460391
433368,14191270420000,2020.0,295,1028.0,21.0,6.0,3.0,1.0,1.0,1.0,1776.0,-87.68364502209235,41.9470629953796
433369,14191270430000,2020.0,295,1029.0,21.0,6.0,3.0,2.0,3.0,1.0,1776.0,-87.683646689149,41.94711212982678
433370,14191270440000,2020.0,295,1025.0,21.0,6.0,3.0,1.0,1.0,1.0,1776.0,-87.68364840334385,41.94716057840323
433729,14192090160000,2020.0,206,2300.0,112.0,12.0,6.0,1.0,3.0,1.0,3093.0,-87.67782024100724,41.95164508230464
433762,14192110140000,2020.0,205,4687.0,127.0,7.0,4.0,0.0,2.0,0.0,1752.0,-87.67764084614483,41.95117284461468
433763,14192110150000,2020.0,205,3125.0,122.0,7.0,3.0,0.0,2.0,1.0,1889.0,-87.67752600651252,41.9511743344018
433764,14192110160000,2020.0,278,3125.0,57.0,9.0,5.0,0.0,2.0,1.0,2230.0,-87.67743412416546,41.95117547876359
433765,14192110170000,2020.0,205,3000.0,127.0,7.0,4.0,0.0,1.0,1.0,1704.0,-87.67734225731586,41.95117669147401
433767,14192110190000,2020.0,205,3125.0,122.0,6.0,3.0,0.0,1.0,0.0,1798.0,-87.67788364728374,41.95078266842094
433768,14192110200000,2020.0,278,4125.0,9.0,14.0,7.0,2.0,5.0,2.0,3298.0,-87.6777770251997,41.95078403510479
433771,14192110230000,2020.0,206,3125.0,112.0,11.0,5.0,1.0,3.0,0.0,2337.0,-87.67742417773538,41.950788505512584
433772,14192110240000,2020.0,205,3125.0,112.0,6.0,3.0,0.0,1.0,0.0,1428.0,-87.67733228095693,41.95078976542428
433776,14192110310000,2020.0,203,2730.0,112.0,7.0,3.0,0.0,2.0,0.0,1624.0,-87.67702317941325,41.95072973266344
433777,14192110360000,2020.0,278,3123.0,17.0,8.0,5.0,1.0,3.0,1.0,2660.0,-87.67784767265856,41.95117019244589
433778,14192110370000,2020.0,278,3126.0,17.0,8.0,4.0,1.0,3.0,0.0,2572.0,-87.67775573614168,41.95117135208781
433951,14192170130000,2020.0,203,3250.0,122.0,6.0,3.0,0.0,1.0,0.0,1246.0,-87.67767470401883,41.95026151588736
433953,14192170150000,2020.0,278,3250.0,6.0,6.0,3.0,0.0,2.0,1.0,2747.0,-87.67748352344881,41.950263963806606
433955,14192170170000,2020.0,206,3250.0,109.0,8.0,4.0,0.0,3.0,1.0,2376.0,-87.67729248504747,41.95026641333601
433957,14192170190000,2020.0,203,3250.0,121.0,6.0,2.0,0.0,2.0,1.0,1675.0,-87.67710130443365,41.95026885883785
433958,14192170200000,2020.0,203,3250.0,118.0,5.0,2.0,0.0,1.0,1.0,1440.0,-87.67700570996887,41.95027009801994
433963,14192170270000,2020.0,205,3780.0,122.0,8.0,3.0,0.0,1.0,1.0,1408.0,-87.67783270425167,41.94987233557707
433964,14192170280000,2020.0,205,3780.0,122.0,8.0,4.0,0.0,1.0,1.0,1929.0,-87.67772244192385,41.94987380373735
433965,14192170290000,2020.0,204,3780.0,112.0,8.0,4.0,0.0,2.0,1.0,1839.0,-87.67761220225894,41.94987521235812
433969,14192170320000,2020.0,206,3780.0,115.0,11.0,4.0,3.0,5.0,1.0,3633.0,-87.67728145542749,41.94987945660556
433971,14192170340000,2020.0,206,3750.0,122.0,9.0,4.0,0.0,2.0,1.0,2240.0,-87.6770609542367,41.949882345026715
433972,14192170350000,2020.0,206,3780.0,96.0,9.0,5.0,0.0,3.0,0.0,3032.0,-87.67695071026807,41.94988374092097
433973,14192170360000,2020.0,203,3780.0,107.0,8.0,3.0,0.0,2.0,0.0,1719.0,-87.67684046927006,41.94988513562044
433975,14192170380000,2020.0,278,3780.0,6.0,8.0,4.0,2.0,2.0,1.0,3304.0,-87.67661996650402,41.94988800976471
433976,14192170410000,2020.0,295,1368.0,22.0,6.0,3.0,0.0,1.0,1.0,2286.0,-87.67677034104157,41.95042950484798
433977,14192170420000,2020.0,295,1210.0,22.0,6.0,3.0,0.0,1.0,1.0,2286.0,-87.67676959928505,41.95040263980315
433978,14192170430000,2020.0,295,1200.0,22.0,6.0,3.0,0.0,1.0,1.0,2286.0,-87.67676897242167,41.950377263584244
433979,14192170440000,2020.0,295,1205.0,22.0,6.0,3.0,0.0,1.0,1.0,2286.0,-87.67676835936622,41.95035243839986
433980,14192170450000,2020.0,295,1281.0,22.0,6.0,3.0,0.0,1.0,1.0,2286.0,-87.6767087972039,41.95036550753782
433981,14192170480000,2020.0,278,4065.0,12.0,12.0,5.0,2.0,4.0,1.0,3783.0,-87.6763950470685,41.9498907350345
433982,14192170490000,2020.0,278,3764.0,13.0,8.0,4.0,2.0,3.0,1.0,3187.0,-87.6765097220692,41.94988940457963
433991,14192180120000,2020.0,206,3750.0,108.0,6.0,3.0,0.0,1.0,1.0,2470.0,-87.67770879991257,41.94934884784801
433992,14192180130000,2020.0,206,3750.0,114.0,10.0,5.0,0.0,3.0,0.0,2692.0,-87.67759851807435,41.949350257971034
433993,14192180140000,2020.0,205,3750.0,113.0,11.0,5.0,0.0,2.0,0.0,2136.0,-87.67748826225483,41.94935172341257
434000,14192180210000,2020.0,205,3750.0,122.0,10.0,4.0,0.0,2.0,0.0,2006.0,-87.67671640660416,41.94936174625028
434002,14192180240000,2020.0,206,3750.0,109.0,10.0,4.0,1.0,3.0,0.0,2870.0,-87.67791939354811,41.94895847861228
434003,14192180250000,2020.0,206,3750.0,115.0,13.0,5.0,1.0,3.0,0.0,2852.0,-87.67780924547375,41.948959948325125
434004,14192180260000,2020.0,278,3750.0,6.0,7.0,3.0,0.0,2.0,1.0,3160.0,-87.67769905780402,41.94896141875969
434005,14192180270000,2020.0,206,3750.0,112.0,11.0,4.0,0.0,2.0,1.0,2896.0,-87.6775888734363,41.94896288853023
434006,14192180280000,2020.0,205,3750.0,118.0,6.0,3.0,0.0,1.0,1.0,1840.0,-87.6774787229556,41.94896435911257
434007,14192180290000,2020.0,278,3750.0,6.0,8.0,5.0,1.0,4.0,1.0,3161.0,-87.67736857494045,41.94896582837606
434008,14192180300000,2020.0,205,3750.0,122.0,8.0,4.0,0.0,2.0,0.0,1938.0,-87.67725842395545,41.94896729878881
434009,14192180310000,2020.0,205,3750.0,113.0,9.0,4.0,0.0,1.0,1.0,2062.0,-87.67714823961359,41.94896876812395
434010,14192180320000,2020.0,206,3750.0,113.0,9.0,4.0,1.0,2.0,0.0,2546.0,-87.67703805235288,41.948970238415384
434011,14192180330000,2020.0,205,3750.0,116.0,11.0,4.0,0.0,2.0,0.0,2160.0,-87.6769279042879,41.94897170726947
434013,14192180350000,2020.0,206,3750.0,116.0,11.0,4.0,0.0,2.0,0.0,2951.0,-87.67670758742612,41.94897466577099
434401,14193000170000,2020.0,206,3720.0,112.0,8.0,4.0,1.0,2.0,0.0,2932.0,-87.68737538733876,41.94603595415994
434402,14193000180000,2020.0,206,3720.0,112.0,7.0,4.0,0.0,2.0,0.0,2578.0,-87.68737245704195,41.94595381866224
434410,14193000260000,2020.0,205,3720.0,112.0,5.0,3.0,0.0,2.0,1.0,2152.0,-87.68734873791976,41.94529670505222
434415,14193010030000,2020.0,206,3750.0,95.0,10.0,4.0,0.0,2.0,0.0,2774.0,-87.68665560394984,41.946467919532736
434416,14193010040000,2020.0,206,3750.0,112.0,7.0,3.0,0.0,2.0,0.0,2553.0,-87.68654520152909,41.94646968284498
434430,14193010190000,2020.0,206,3720.0,107.0,12.0,4.0,0.0,3.0,1.0,2592.0,-87.68665486783617,41.94538911090637
434431,14193010200000,2020.0,206,3720.0,103.0,8.0,4.0,0.0,2.0,0.0,2858.0,-87.68665201263065,41.94530689123437
434433,14193010220000,2020.0,206,3720.0,97.0,7.0,3.0,0.0,3.0,0.0,2470.0,-87.68664624865926,41.94514248043233
434441,14193010300000,2020.0,206,3720.0,107.0,9.0,4.0,1.0,3.0,1.0,3308.0,-87.68615310345264,41.945726125943374
434444,14193010330000,2020.0,278,3720.0,6.0,9.0,4.0,1.0,3.0,1.0,3384.0,-87.68614498622777,41.94547952707753
434447,14193010360000,2020.0,206,3720.0,102.0,10.0,4.0,2.0,2.0,1.0,2752.0,-87.68613686888423,41.94523290024103
434466,14193020180000,2020.0,206,3720.0,108.0,8.0,4.0,0.0,2.0,0.0,2440.0,-87.68545009938654,41.945572614882146
434468,14193020200000,2020.0,278,3720.0,9.0,11.0,5.0,2.0,4.0,2.0,3217.0,-87.6854450112736,41.94540786497869
434475,14193020270000,2020.0,278,3720.0,9.0,8.0,4.0,3.0,3.0,1.0,3320.0,-87.68495005329872,41.94607522144846
434476,14193020280000,2020.0,204,3720.0,95.0,9.0,5.0,0.0,2.0,0.0,2136.0,-87.68494761713858,41.94599282637892
434478,14193020300000,2020.0,206,3720.0,102.0,11.0,5.0,1.0,3.0,0.0,2454.0,-87.68494274304422,41.945828063435656
434479,14193020310000,2020.0,205,3720.0,107.0,9.0,4.0,0.0,2.0,1.0,2142.0,-87.68494033167029,41.945745681793106
434482,14193020340000,2020.0,206,3720.0,110.0,8.0,4.0,1.0,2.0,1.0,2638.0,-87.6849329968965,41.94549848318343
434483,14193020350000,2020.0,278,3720.0,14.0,7.0,3.0,1.0,2.0,1.0,2560.0,-87.68493051696686,41.945416130666224
434485,14193020380000,2020.0,278,3720.0,3.0,7.0,4.0,1.0,2.0,1.0,2501.0,-87.68492325803292,41.94516894462915
