,meta_pin,meta_year,meta_class,meta_sale_price,char_hd_sf,char_age,char_rooms,char_beds,char_frpl,char_fbath,char_hbath,char_bldg_sf,geo_longitude,geo_latitude
126575,13242020170000,2017.0,278,850000.0,3050.0,18.0,8.0,4.0,0.0,2.0,1.0,2340.0,-87.69056478933153,41.95332313418099
126576,13242020180000,2013.0,278,1055000.0,3050.0,2.0,9.0,4.0,3.0,3.0,1.0,2639.0,-87.69047289724921,41.95332367148331
126578,13242030020000,2013.0,203,330000.0,3137.0,54.0,6.0,3.0,0.0,2.0,0.0,1020.0,-87.69073096042578,41.95280367725772
126579,13242030040000,2014.0,202,300000.0,3050.0,116.0,4.0,2.0,0.0,2.0,0.0,680.0,-87.69054713392488,41.952804885172135
126580,13242030110000,2018.0,206,976711.0,3660.0,96.0,7.0,4.0,1.0,2.0,1.0,2778.0,-87.68972913132092,41.952810278305144
126582,13242030160000,2013.0,203,350000.0,3050.0,48.0,5.0,3.0,0.0,1.0,0.0,1040.0,-87.68916844465,41.9528139246384
126583,13242030160000,2016.0,278,1004500.0,3050.0,2.0,8.0,4.0,0.0,3.0,1.0,2536.0,-87.68916844465,41.9528139246384
126584,13242030180000,2015.0,204,365000.0,3226.0,81.0,5.0,3.0,0.0,2.0,0.0,1829.0,-87.69071794754662,41.95242292736885
126585,13242030210000,2018.0,203,485000.0,3812.0,95.0,5.0,3.0,1.0,1.0,0.0,1146.0,-87.69043073851294,41.952425377735345
126586,13242030270000,2017.0,206,990000.0,3660.0,97.0,9.0,4.0,0.0,2.0,1.0,2517.0,-87.68975296299014,41.9524311612435
126588,13242040030000,2015.0,203,415000.0,3750.0,90.0,4.0,2.0,0.0,1.0,0.0,1044.0,-87.69047099504768,41.95189648848919
126589,13242040090000,2013.0,203,960000.0,4125.0,89.0,6.0,3.0,0.0,1.0,0.0,1164.0,-87.68975976432291,41.951903111979966
126590,13242040100000,2013.0,203,210000.0,4125.0,89.0,4.0,3.0,0.0,1.0,0.0,1164.0,-87.68963843922845,41.95190425657937
126591,13242040100000,2014.0,203,956000.0,4125.0,3.0,8.0,3.0,1.0,3.0,1.0,2467.0,-87.68963843922845,41.95190425657937
126592,13242040100000,2019.0,278,1225000.0,4125.0,8.0,8.0,3.0,1.0,3.0,1.0,2467.0,-87.68963843922845,41.95190425657937
126593,13242040140000,2019.0,203,387450.0,4125.0,95.0,6.0,3.0,0.0,1.0,0.0,1164.0,-87.6891532432704,41.95190877909411
126594,13242040150000,2018.0,203,300000.0,3391.0,94.0,5.0,3.0,0.0,1.0,0.0,1222.0,-87.690680793237,41.95151070448969
126595,13242040150000,2019.0,278,950000.0,3391.0,2.0,8.0,5.0,1.0,3.0,1.0,2168.0,-87.690680793237,41.95151070448969
126596,13242040160000,2013.0,203,305100.0,3390.0,89.0,4.0,3.0,0.0,1.0,0.0,1150.0,-87.6905858616805,41.95150986999084
126597,13242040160000,2016.0,278,945000.0,3390.0,2.0,8.0,4.0,0.0,3.0,1.0,2090.0,-87.6905858616805,41.95150986999084
126598,13242040200000,2014.0,203,455000.0,4125.0,90.0,6.0,3.0,0.0,1.0,0.0,1222.0,-87.69011717962789,41.95151391354756
126599,13242040210000,2016.0,203,502500.0,4125.0,92.0,6.0,3.0,0.0,1.0,0.0,1222.0,-87.68999587183008,41.951514932271934
126600,13242040240000,2018.0,203,485000.0,4125.0,94.0,6.0,3.0,0.0,1.0,0.0,1222.0,-87.6896319708513,41.95151805135148
126601,13242040270000,2018.0,203,510000.0,4125.0,94.0,6.0,3.0,0.0,1.0,0.0,1222.0,-87.68926805414826,41.95152120019498
126602,13242040280000,2017.0,204,430000.0,4125.0,93.0,7.0,4.0,0.0,2.0,0.0,2327.0,-87.6891467642044,41.9515222350479
126603,13242040280000,2018.0,204,660000.0,4125.0,94.0,7.0,4.0,0.0,2.0,0.0,2327.0,-87.6891467642044,41.9515222350479
126604,13242050070000,2013.0,206,850000.0,4125.0,89.0,7.0,4.0,0.0,2.0,0.0,2273.0,-87.68997163752907,41.950991696522344
126605,13242050090000,2015.0,205,681500.0,4125.0,91.0,8.0,4.0,0.0,2.0,0.0,1858.0,-87.68972928523443,41.95099363142361
126606,13242050240000,2016.0,203,1200000.0,4125.0,93.0,6.0,3.0,1.0,1.0,0.0,1160.0,-87.6894721067964,41.9506095639873
126607,13242050260000,2014.0,278,990000.0,4125.0,7.0,8.0,4.0,0.0,2.0,1.0,2780.0,-87.68922979268862,41.95061149788691
126608,13242050270000,2014.0,203,850000.0,4125.0,91.0,7.0,5.0,0.0,2.0,0.0,2442.0,-87.68910869104218,41.950612465020754
126609,13242070250000,2017.0,278,1135000.0,3906.0,15.0,13.0,4.0,0.0,3.0,1.0,3044.0,-87.69028980505234,41.94968275367585
126610,13242070250000,2018.0,278,1160000.0,3906.0,16.0,13.0,4.0,0.0,3.0,1.0,3044.0,-87.69028980505234,41.94968275367585
126611,13242070270000,2015.0,278,1125000.0,3906.0,13.0,13.0,4.0,0.0,3.0,1.0,3044.0,-87.69006070373315,41.94968534813246
126612,13242070300000,2020.0,278,1125000.0,4118.0,18.0,13.0,4.0,0.0,3.0,1.0,3044.0,-87.68969793377073,41.949688162089856
126613,13242070320000,2014.0,278,845000.0,3906.0,12.0,13.0,4.0,0.0,3.0,1.0,3005.0,-87.68975865335138,41.95008274179817
126614,13242070330000,2017.0,278,970000.0,3906.0,15.0,13.0,4.0,0.0,3.0,1.0,3044.0,-87.68987664834053,41.950081945804364
126615,13242070350000,2020.0,278,1001000.0,3906.0,18.0,13.0,4.0,0.0,3.0,1.0,3005.0,-87.6901163308282,41.9500803310692
126616,13242070390000,2018.0,278,968000.0,4116.0,16.0,13.0,4.0,0.0,3.0,1.0,3044.0,-87.69058183894816,41.950078538637506
126617,13242080030000,2014.0,203,400000.0,3720.0,56.0,6.0,3.0,0.0,1.0,0.0,1395.0,-87.69039520237735,41.948233556498685
126618,13242080030000,2015.0,278,1100000.0,3720.0,1.0,7.0,4.0,1.0,3.0,1.0,2377.0,-87.69039520237735,41.948233556498685
126619,13242080030000,2019.0,278,1185000.0,3720.0,5.0,7.0,4.0,1.0,3.0,1.0,2377.0,-87.69039520237735,41.948233556498685
126620,13242080050000,2015.0,278,665000.0,3720.0,57.0,8.0,4.0,0.0,3.0,0.0,2066.0,-87.69039014623604,41.94806895641046
126621,13242080060000,2013.0,203,352500.0,3720.0,55.0,4.0,2.0,0.0,1.0,0.0,1008.0,-87.69038761076558,41.947986644483855
126622,13242080060000,2014.0,278,778000.0,3720.0,56.0,4.0,4.0,0.0,3.0,1.0,2116.0,-87.69038761076558,41.947986644483855
126623,13242080060000,2016.0,278,885000.0,3720.0,58.0,4.0,4.0,0.0,3.0,1.0,2116.0,-87.69038761076558,41.947986644483855
126624,13242080080000,2014.0,203,478000.0,3720.0,56.0,4.0,2.0,0.0,1.0,0.0,1008.0,-87.69038255591536,41.9478220449052
126625,13242080080000,2017.0,203,608000.0,3720.0,59.0,4.0,2.0,0.0,1.0,0.0,1008.0,-87.69038255591536,41.9478220449052
126626,13242080110000,2013.0,203,327000.0,3720.0,55.0,4.0,2.0,0.0,1.0,1.0,1008.0,-87.69037496483901,41.94757513252205
126627,13242080110000,2014.0,278,1010000.0,3720.0,3.0,7.0,4.0,1.0,3.0,1.0,2377.0,-87.69037496483901,41.94757513252205
126628,13242080120000,2014.0,203,390000.0,3720.0,56.0,5.0,3.0,0.0,1.0,0.0,1008.0,-87.69037242908044,41.94749282032584
126629,13242080120000,2016.0,278,1150000.0,3720.0,2.0,7.0,4.0,1.0,3.0,1.0,2377.0,-87.69037242908044,41.94749282032584
126630,13242080130000,2014.0,203,1105000.0,3720.0,56.0,5.0,3.0,0.0,2.0,0.0,1008.0,-87.69036991058981,41.947410534897024
126631,13242080130000,2016.0,278,1050000.0,3720.0,2.0,7.0,4.0,1.0,3.0,1.0,2400.0,-87.69036991058981,41.947410534897024
126632,13242080140000,2013.0,278,924050.0,3720.0,2.0,9.0,4.0,2.0,3.0,1.0,2415.0,-87.69036737445883,41.94732822044152
126633,13242080160000,2019.0,203,360000.0,4503.0,91.0,5.0,3.0,0.0,1.0,0.0,1409.0,-87.68988460016004,41.948411318779264
126634,13242080160000,2020.0,278,1251700.0,4503.0,3.0,8.0,4.0,1.0,3.0,1.0,2898.0,-87.68988460016004,41.948411318779264
126635,13242080170000,2015.0,202,400000.0,3720.0,96.0,4.0,2.0,0.0,1.0,0.0,955.0,-87.6898816927892,41.94832044410487
126636,13242080180000,2017.0,278,1112500.0,3720.0,3.0,5.0,3.0,0.0,1.0,1.0,1457.0,-87.68987906340966,41.94823815584095
126637,13242080230000,2018.0,203,385000.0,3720.0,94.0,4.0,2.0,0.0,1.0,0.0,1751.0,-87.68986590846407,41.947826506031205
126638,13242080240000,2015.0,205,770000.0,3720.0,96.0,8.0,4.0,0.0,2.0,0.0,1962.0,-87.68986328075242,41.94774419236115
126639,13242080260000,2014.0,203,300000.0,3720.0,95.0,6.0,3.0,0.0,2.0,0.0,1764.0,-87.68985802468013,41.94757961976098
126640,13242080260000,2016.0,278,1217500.0,3720.0,2.0,8.0,4.0,2.0,3.0,1.0,2525.0,-87.68985802468013,41.94757961976098
126641,13242080270000,2014.0,202,410000.0,3720.0,95.0,5.0,2.0,0.0,1.0,0.0,955.0,-87.68985539736333,41.94749730572745
126642,13242080270000,2017.0,278,1130000.0,3720.0,3.0,7.0,4.0,2.0,1.0,1.0,2368.0,-87.68985539736333,41.94749730572745
126643,13242080290000,2013.0,203,238100.0,3720.0,108.0,6.0,3.0,0.0,1.0,0.0,1225.0,-87.6898501246225,41.94733267956113
126644,13242080290000,2014.0,206,930000.0,3720.0,109.0,7.0,4.0,1.0,3.0,0.0,2400.0,-87.6898501246225,41.94733267956113
126645,13242080290000,2017.0,206,1010000.0,3720.0,112.0,7.0,4.0,1.0,3.0,0.0,2400.0,-87.6898501246225,41.94733267956113
126646,13242080360000,2014.0,206,850000.0,3750.0,97.0,8.0,4.0,0.0,2.0,0.0,2504.0,-87.6897643609198,41.946991236120326
126648,13242080370000,2019.0,278,1675006.0,3358.0,5.0,7.0,4.0,2.0,2.0,1.0,2811.0,-87.68965930663674,41.94699179821593
126649,13242090020000,2020.0,203,650000.0,3720.0,96.0,5.0,2.0,0.0,1.0,0.0,1060.0,-87.68918310516308,41.948345890173655
126650,13242090090000,2015.0,204,425000.0,3720.0,98.0,8.0,4.0,0.0,2.0,0.0,1807.0,-87.68916408224422,41.947761566203134
126651,13242090090000,2018.0,278,1016000.0,3720.0,4.0,7.0,4.0,1.0,2.0,1.0,2398.0,-87.68916408224422,41.947761566203134
126652,13242090100000,2015.0,202,425000.0,3720.0,91.0,4.0,2.0,0.0,1.0,0.0,955.0,-87.6891613764131,41.94767807332859
126653,13242090100000,2016.0,278,1117500.0,3720.0,2.0,8.0,4.0,0.0,3.0,1.0,2428.0,-87.6891613764131,41.94767807332859
126654,13242090150000,2015.0,278,1000000.0,3406.0,1.0,8.0,4.0,1.0,3.0,1.0,2204.0,-87.68914800318868,41.94724322519816
126655,13242090150000,2018.0,278,1050000.0,3406.0,4.0,8.0,4.0,1.0,3.0,1.0,2204.0,-87.68914800318868,41.94724322519816
126656,13242090150000,2014.0,203,365000.0,3406.0,106.0,5.0,2.0,0.0,1.0,0.0,1243.0,-87.68914800318868,41.94724322519816
126657,13242090420000,2018.0,278,860000.0,3095.0,4.0,8.0,4.0,0.0,3.0,1.0,2395.0,-87.68903992339521,41.94699708091127
126658,13242090430000,2020.0,278,889900.0,3094.0,6.0,8.0,4.0,0.0,3.0,1.0,2422.0,-87.68913090937129,41.94699636751935
126659,13242110080000,2018.0,278,1130000.0,4757.0,15.0,13.0,4.0,0.0,3.0,1.0,3005.0,-87.68972625808748,41.94873408474862
126660,13242110090000,2015.0,278,1165000.0,4899.0,12.0,13.0,4.0,0.0,3.0,1.0,3044.0,-87.68960801849104,41.94873570937943
126661,13242110100000,2014.0,278,1050000.0,4067.0,11.0,13.0,4.0,0.0,3.0,1.0,3044.0,-87.68968446024816,41.94915108345284
126662,13242110120000,2015.0,278,1177500.0,3906.0,12.0,13.0,4.0,0.0,3.0,1.0,3044.0,-87.6899193033558,41.94914711991752
126663,13242110140000,2014.0,278,1099000.0,3906.0,11.0,13.0,4.0,0.0,3.0,1.0,3044.0,-87.69014980771081,41.94914508491007
126664,13242110180000,2016.0,278,1154000.0,4011.0,13.0,13.0,4.0,0.0,3.0,1.0,3044.0,-87.6906150725619,41.94914079251446
126665,13242120010000,2019.0,278,656000.0,4118.0,13.0,13.0,4.0,0.0,3.0,1.0,3044.0,-87.69215430302187,41.947883997420355
126666,13242120010000,2020.0,278,1000000.0,4118.0,14.0,13.0,4.0,0.0,3.0,1.0,3044.0,-87.69215430302187,41.947883997420355
126667,13242120070000,2018.0,278,1062500.0,3907.0,12.0,13.0,4.0,1.0,3.0,1.0,3044.0,-87.69146663016939,41.94788976178597
126668,13242120110000,2014.0,278,1054000.0,3941.0,8.0,13.0,4.0,1.0,3.0,1.0,3044.0,-87.69101084209055,41.947892254006
126669,13242120120000,2017.0,278,1131675.0,4390.0,11.0,13.0,4.0,1.0,3.0,1.0,3014.0,-87.69089051126106,41.94789135642959
126670,13242120120000,2020.0,278,950000.0,4390.0,14.0,13.0,4.0,1.0,3.0,1.0,3014.0,-87.69089051126106,41.94789135642959
126671,13242130020000,2014.0,278,1099000.0,3936.0,8.0,13.0,4.0,0.0,3.0,1.0,3014.0,-87.69203036234431,41.94734659896208
126672,13242130090000,2016.0,278,1123625.0,3936.0,10.0,13.0,4.0,0.0,3.0,1.0,3014.0,-87.69123271579417,41.94734831312321
126673,13242130110000,2016.0,278,1210000.0,3936.0,10.0,13.0,4.0,1.0,3.0,1.0,3044.0,-87.69100481644232,41.9473488011511
126674,13242130120000,2020.0,278,1100000.0,4738.0,14.0,13.0,4.0,0.0,3.0,1.0,3014.0,-87.69087923002613,41.947347646818784
143217,14191010090000,2014.0,278,1400000.0,3710.0,3.0,10.0,5.0,2.0,3.0,0.0,3218.0,-87.68689979389394,41.95347659872962
143218,14191010110000,2015.0,204,737500.0,3720.0,92.0,8.0,3.0,0.0,2.0,1.0,2291.0,-87.68689381061006,41.953311008912614
143220,14191010200000,2015.0,278,1450000.0,3720.0,9.0,8.0,4.0,2.0,3.0,1.0,3576.0,-87.68687008862692,41.95256520616921
143221,14191010230000,2019.0,202,610000.0,3710.0,121.0,5.0,2.0,0.0,1.0,0.0,916.0,-87.68637023407612,41.95348360758911
143225,14191010340000,2017.0,205,999990.0,3720.0,117.0,7.0,4.0,0.0,2.0,0.0,1649.0,-87.68634230257375,41.952572179420414
143226,14191010400000,2020.0,278,1050000.0,3236.0,15.0,8.0,5.0,2.0,3.0,1.0,2760.0,-87.68633736179181,41.952416061383026
143230,14191020100000,2014.0,278,1300000.0,3720.0,9.0,9.0,5.0,2.0,3.0,1.0,3024.0,-87.68566209399215,41.95332936795367
143231,14191020110000,2020.0,278,1500000.0,3720.0,9.0,10.0,5.0,1.0,3.0,0.0,3100.0,-87.6856594598846,41.95324680705549
143232,14191020170000,2019.0,206,1685000.0,3720.0,112.0,13.0,7.0,0.0,4.0,1.0,3938.0,-87.68564370140206,41.95275144194831
143235,14191020250000,2017.0,278,1687500.0,3720.0,3.0,10.0,4.0,2.0,4.0,1.0,3328.0,-87.68514744167878,41.953248693265756
143236,14191020280000,2014.0,203,680000.0,3720.0,111.0,5.0,3.0,0.0,1.0,1.0,1086.0,-87.68513909179944,41.952994202755974
143237,14191020280000,2017.0,278,1525000.0,3720.0,3.0,8.0,4.0,0.0,3.0,1.0,2858.0,-87.68513909179944,41.952994202755974
143238,14191020310000,2019.0,206,1040000.0,3720.0,113.0,8.0,4.0,0.0,2.0,1.0,3674.0,-87.68513096513944,41.95274653263405
143240,14191040060000,2017.0,206,1230000.0,3720.0,119.0,11.0,5.0,0.0,3.0,1.0,2555.0,-87.68324123205862,41.95344610237982
143242,14191040160000,2018.0,278,1225000.0,3720.0,19.0,7.0,3.0,0.0,2.0,1.0,3024.0,-87.68321520029541,41.952609328079056
143248,14191050070000,2020.0,205,1050000.0,3720.0,117.0,7.0,2.0,0.0,1.0,1.0,1962.0,-87.68202771697266,41.9534622390923
143250,14191050090000,2017.0,278,1700000.0,3720.0,3.0,8.0,4.0,0.0,3.0,1.0,3287.0,-87.68202332423309,41.95329780724224
143251,14191050140000,2015.0,204,727000.0,3720.0,112.0,7.0,4.0,0.0,2.0,1.0,2268.0,-87.68201232663463,41.952886771742726
143254,14191050270000,2015.0,278,1975000.0,3720.0,1.0,8.0,4.0,2.0,4.0,2.0,3168.0,-87.68149885759229,41.95295690864718
143255,14191050270000,2018.0,278,1750000.0,3720.0,4.0,8.0,4.0,2.0,4.0,2.0,3168.0,-87.68149885759229,41.95295690864718
143259,14191060080000,2013.0,206,1350000.0,4960.0,123.0,8.0,4.0,1.0,4.0,0.0,3014.0,-87.68081268706929,41.953439215332736
143260,14191060090000,2020.0,206,747000.0,4030.0,122.0,12.0,4.0,0.0,2.0,0.0,3316.0,-87.68081000690209,41.95333976379982
143262,14191060130000,2014.0,278,2075000.0,3720.0,9.0,9.0,4.0,2.0,3.0,1.0,3214.0,-87.68080045757554,41.95298663882465
143263,14191060180000,2018.0,206,1575000.0,4340.0,115.0,10.0,4.0,0.0,2.0,0.0,3128.0,-87.68078880794437,41.95255448590737
143264,14191060230000,2014.0,205,740000.0,3875.0,112.0,8.0,4.0,0.0,1.0,1.0,2152.0,-87.68029604028443,41.95336252783832
143265,14191060230000,2018.0,205,1440000.0,3875.0,116.0,8.0,4.0,0.0,1.0,1.0,2152.0,-87.68029604028443,41.95336252783832
143266,14191060250000,2014.0,205,837500.0,3875.0,118.0,7.0,4.0,0.0,2.0,1.0,1929.0,-87.68029137223593,41.95319112604133
143267,14191060270000,2019.0,206,1120500.0,4030.0,121.0,8.0,4.0,0.0,3.0,1.0,2406.0,-87.68028663383154,41.953017911890214
143272,14191060320000,2016.0,206,1360000.0,3100.0,120.0,8.0,4.0,0.0,2.0,1.0,2686.0,-87.68027574417609,41.95261659090113
143273,14191060370000,2017.0,208,1925000.0,4089.0,9.0,9.0,5.0,1.0,3.0,1.0,4159.0,-87.680273570479,41.95253704183978
143274,14191060380000,2019.0,208,1765000.0,4040.0,11.0,8.0,4.0,1.0,3.0,2.0,4053.0,-87.68027110628985,41.95244704495178
143275,14191060390000,2019.0,295,1211250.0,2445.0,5.0,8.0,4.0,1.0,3.0,1.0,2161.0,-87.68081561154004,41.953576945365626
143276,14191070050000,2017.0,278,1695000.0,3720.0,3.0,9.0,5.0,1.0,3.0,1.0,3154.0,-87.67959666415852,41.95331439187459
143284,14191080060000,2020.0,205,462500.0,3210.0,107.0,8.0,3.0,0.0,3.0,0.0,1999.0,-87.68803387792353,41.95140864726896
143286,14191080250000,2015.0,206,1175000.0,3720.0,102.0,11.0,5.0,0.0,3.0,0.0,2970.0,-87.68754219342843,41.95149946243683
143287,14191080260000,2017.0,206,1383500.0,3720.0,104.0,10.0,5.0,1.0,5.0,1.0,3156.0,-87.68753914654727,41.95141714727037
143289,14191080290000,2017.0,206,1400000.0,3720.0,104.0,11.0,5.0,0.0,4.0,1.0,3017.0,-87.68753000546903,41.9511701454083
143294,14191090090000,2013.0,206,1136000.0,3720.0,103.0,7.0,4.0,1.0,2.0,1.0,2430.0,-87.68683073696454,41.951425489899556
143296,14191090120000,2016.0,278,1700000.0,3720.0,2.0,8.0,6.0,0.0,4.0,1.0,3189.0,-87.6868219046312,41.951179009856666
143297,14191090130000,2014.0,278,1605000.0,3720.0,3.0,10.0,4.0,2.0,3.0,1.0,3267.0,-87.6868189594606,41.9510968184481
143298,14191090130000,2020.0,278,1465000.0,3720.0,9.0,10.0,4.0,2.0,3.0,1.0,3267.0,-87.6868189594606,41.9510968184481
143300,14191090140000,2014.0,278,1649000.0,3720.0,3.0,10.0,5.0,1.0,3.0,1.0,3410.0,-87.68681604858159,41.951014654467954
143305,14191090190000,2017.0,278,1515000.0,3720.0,3.0,8.0,5.0,0.0,3.0,1.0,3100.0,-87.68680133970605,41.950603870431394
143306,14191090230000,2013.0,278,1472000.0,3720.0,2.0,10.0,5.0,2.0,3.0,0.0,3052.0,-87.68632116100535,41.951927502724025
143307,14191090250000,2017.0,278,1520000.0,3720.0,6.0,10.0,5.0,1.0,3.0,0.0,2958.0,-87.68631545051274,41.95176317332146
143309,14191090270000,2019.0,278,1700000.0,3720.0,2.0,8.0,4.0,2.0,4.0,2.0,3228.0,-87.68630977174132,41.95159885962324
143311,14191090370000,2013.0,278,1499000.0,3720.0,2.0,10.0,5.0,1.0,3.0,1.0,3124.0,-87.68628138215003,41.950777233009006
143315,14191100020000,2018.0,205,1190000.0,3720.0,93.0,7.0,4.0,0.0,1.0,1.0,1974.0,-87.68561902334945,41.95202161850693
143317,14191100030000,2014.0,278,1545000.0,3720.0,3.0,8.0,4.0,1.0,3.0,0.0,2764.0,-87.68561625311244,41.95193938644092
143318,14191100030000,2020.0,278,1689990.0,3720.0,9.0,8.0,4.0,1.0,3.0,0.0,2764.0,-87.68561625311244,41.95193938644092
143319,14191100070000,2019.0,206,1375000.0,3720.0,109.0,8.0,4.0,0.0,2.0,0.0,2602.0,-87.68560528335826,41.95161045812932
143320,14191100070000,2013.0,206,1235000.0,3720.0,103.0,8.0,4.0,0.0,2.0,0.0,2602.0,-87.68560528335826,41.95161045812932
143322,14191100120000,2020.0,203,650000.0,3720.0,105.0,7.0,3.0,0.0,1.0,0.0,1519.0,-87.68559154292751,41.95119924284798
143323,14191100170000,2014.0,278,1515000.0,3720.0,6.0,8.0,4.0,2.0,2.0,1.0,3014.0,-87.68557782096475,41.95078802634881
143324,14191100180000,2014.0,278,1582000.0,3720.0,3.0,8.0,4.0,0.0,3.0,1.0,3580.0,-87.68557507030114,41.95070579530604
143325,14191100180000,2017.0,278,1458750.0,3720.0,6.0,8.0,4.0,0.0,3.0,1.0,3580.0,-87.68557507030114,41.95070579530604
143327,14191100240000,2013.0,278,1440000.0,3720.0,2.0,11.0,6.0,3.0,4.0,1.0,3252.0,-87.6850985819522,41.95186566627477
143328,14191100240000,2016.0,278,1625000.0,3720.0,5.0,11.0,6.0,3.0,4.0,1.0,3252.0,-87.6850985819522,41.95186566627477
143329,14191100300000,2015.0,205,725000.0,3720.0,112.0,8.0,4.0,0.0,2.0,0.0,1549.0,-87.68508248399858,41.951371946600865
143330,14191100300000,2018.0,208,1720000.0,3720.0,4.0,9.0,6.0,2.0,4.0,2.0,3818.0,-87.68508248399858,41.951371946600865
143334,14191110020000,2015.0,206,1090000.0,3720.0,105.0,6.0,3.0,1.0,3.0,1.0,2518.0,-87.68440639529406,41.952041320814494
143338,14191110130000,2014.0,206,700000.0,3720.0,116.0,9.0,4.0,0.0,2.0,0.0,2234.0,-87.68437753913365,41.95113621301651
143339,14191110130000,2015.0,206,1850000.0,3720.0,117.0,9.0,4.0,0.0,2.0,0.0,2234.0,-87.68437753913365,41.95113621301651
143340,14191110160000,2017.0,204,950000.0,3720.0,114.0,7.0,3.0,0.0,2.0,0.0,1836.0,-87.68436967580787,41.95088935421019
143343,14191110230000,2016.0,278,1880000.0,3720.0,2.0,9.0,5.0,2.0,3.0,1.0,3326.0,-87.6838892726622,41.95188419181849
143346,14191120050000,2014.0,204,725000.0,3596.0,111.0,7.0,4.0,0.0,1.0,0.0,1816.0,-87.68319210438705,41.951820346094024
143348,14191120120000,2020.0,206,1335000.0,3596.0,117.0,9.0,4.0,0.0,3.0,0.0,2934.0,-87.68317662360393,41.951263773735796
143349,14191120130000,2013.0,206,950000.0,3596.0,109.0,10.0,3.0,0.0,2.0,0.0,2340.0,-87.68317445205997,41.95118430225266
143354,14191120200000,2016.0,203,645000.0,3100.0,112.0,7.0,3.0,0.0,1.0,0.0,1285.0,-87.68268296693968,41.95191569221904
143355,14191120200000,2017.0,278,1555000.0,3100.0,3.0,7.0,3.0,0.0,1.0,0.0,1285.0,-87.68268296693968,41.95191569221904
143360,14191120320000,2016.0,278,1840000.0,3720.0,2.0,8.0,4.0,1.0,3.0,1.0,3281.0,-87.68265611582132,41.95096262727262
143361,14191120350000,2015.0,206,1150000.0,3509.0,107.0,10.0,4.0,1.0,3.0,1.0,2298.0,-87.68308611928904,41.95070571094573
143362,14191120390000,2016.0,278,1475000.0,3630.0,10.0,8.0,3.0,2.0,3.0,1.0,3528.0,-87.68266045422399,41.95071154473466
143363,14191120390000,2020.0,278,1550000.0,3630.0,14.0,8.0,3.0,2.0,3.0,1.0,3528.0,-87.68266045422399,41.95071154473466
143364,14191130020000,2019.0,206,875000.0,3472.0,127.0,9.0,4.0,0.0,3.0,2.0,2228.0,-87.68198972030741,41.95205819470176
143373,14191130200000,2016.0,278,1795000.0,3720.0,5.0,10.0,5.0,1.0,3.0,1.0,3170.0,-87.6814678432666,41.951815469555605
143375,14191130270000,2016.0,206,2085738.0,4340.0,118.0,8.0,4.0,1.0,2.0,1.0,3108.0,-87.68145071234605,41.951191338549215
143377,14191130320000,2016.0,206,1200000.0,5445.0,108.0,9.0,4.0,0.0,2.0,2.0,3084.0,-87.68188810233423,41.9507220251338
143378,14191140040000,2014.0,278,1830000.0,4340.0,3.0,8.0,4.0,0.0,3.0,1.0,3446.0,-87.68077054159835,41.9518732529468
143380,14191140070000,2019.0,278,2100000.0,4340.0,5.0,8.0,4.0,2.0,4.0,1.0,3448.0,-87.68076264942854,41.95158505268851
143382,14191140110000,2015.0,204,775000.0,4340.0,112.0,6.0,3.0,0.0,1.0,1.0,2048.0,-87.68075227146302,41.95120105006009
143383,14191140130000,2013.0,208,1990000.0,4960.0,7.0,9.0,4.0,3.0,4.0,1.0,4105.0,-87.68074681621262,41.951002132904875
143384,14191140140000,2019.0,206,1640000.0,7661.0,117.0,8.0,5.0,2.0,2.0,2.0,2604.0,-87.680262965407,41.952136127185845
143385,14191140160000,2015.0,205,860000.0,3720.0,107.0,6.0,4.0,0.0,2.0,0.0,1652.0,-87.68025756563166,41.95194132936561
143386,14191140160000,2019.0,205,845000.0,3720.0,111.0,6.0,4.0,0.0,2.0,0.0,1652.0,-87.68025756563166,41.95194132936561
143388,14191140190000,2013.0,205,680750.0,3410.0,103.0,6.0,3.0,0.0,2.0,0.0,1476.0,-87.68025114024836,41.951704769757285
143391,14191140230000,2018.0,206,1080000.0,3100.0,125.0,8.0,4.0,0.0,2.0,1.0,3492.0,-87.68024283363232,41.951399523366234
143395,14191140300000,2017.0,205,675000.0,3630.0,114.0,10.0,4.0,0.0,1.0,1.0,1802.0,-87.68070212528333,41.9507382099734
143398,14191150080000,2014.0,208,2335000.0,4340.0,7.0,10.0,5.0,2.0,4.0,1.0,4600.0,-87.67954410524727,41.95139500933819
143407,14191150360000,2013.0,206,1080000.0,3720.0,106.0,9.0,4.0,3.0,3.0,1.0,2832.0,-87.67953622972286,41.95111338125758
143411,14191160260000,2020.0,278,1849000.0,3720.0,3.0,10.0,6.0,0.0,4.0,2.0,3264.0,-87.68749355043958,41.94959391241463
143412,14191160270000,2018.0,206,1350000.0,3720.0,106.0,8.0,5.0,1.0,4.0,1.0,3098.0,-87.68749085148964,41.94951162593251
143414,14191160280000,2015.0,278,1950000.0,3720.0,1.0,10.0,5.0,2.0,4.0,1.0,3248.0,-87.68748815455413,41.949429311928355
143416,14191160300000,2020.0,278,1625000.0,3720.0,3.0,10.0,5.0,2.0,4.0,1.0,3039.0,-87.68748277502064,41.9492647097613
143417,14191160350000,2016.0,206,1210000.0,3720.0,103.0,8.0,4.0,0.0,3.0,0.0,2454.0,-87.68746930282346,41.94885322250959
143419,14191180060000,2019.0,206,1353000.0,3720.0,105.0,9.0,4.0,0.0,3.0,1.0,2895.0,-87.6855838582184,41.94987083994741
143423,14191180100000,2016.0,278,1555000.0,3720.0,2.0,10.0,5.0,2.0,4.0,1.0,3248.0,-87.68557367525345,41.94954230105739
143425,14191180140000,2018.0,206,1418175.0,3720.0,105.0,10.0,5.0,0.0,5.0,1.0,3017.0,-87.68556349257457,41.94921376248797
143433,14191180380000,2018.0,206,1100000.0,3720.0,102.0,12.0,6.0,0.0,3.0,0.0,3200.0,-87.6850326066925,41.94889345225961
143434,14191180390000,2015.0,206,1345000.0,3720.0,102.0,7.0,3.0,0.0,3.0,1.0,3190.0,-87.68503051826882,41.948811481609596
143436,14191190010000,2015.0,278,1817500.0,3620.0,1.0,7.0,4.0,2.0,4.0,2.0,3242.0,-87.68436486900058,41.950299953449324
143438,14191190020000,2016.0,205,725000.0,3720.0,93.0,7.0,4.0,0.0,2.0,0.0,2123.0,-87.68436305566178,41.950218932813776
143439,14191190020000,2017.0,205,760000.0,3720.0,94.0,7.0,4.0,0.0,2.0,0.0,2123.0,-87.68436305566178,41.950218932813776
143442,14191190100000,2018.0,206,1150100.0,3720.0,105.0,7.0,4.0,3.0,3.0,1.0,3180.0,-87.68434735677587,41.94956182563644
143443,14191190100000,2019.0,206,1275000.0,3720.0,106.0,7.0,4.0,3.0,3.0,1.0,3180.0,-87.68434735677587,41.94956182563644
143449,14191190330000,2016.0,278,1490000.0,3720.0,9.0,10.0,6.0,2.0,3.0,1.0,3008.0,-87.68382786429073,41.949323515681364
143451,14191200040000,2019.0,278,1275000.0,3750.0,12.0,8.0,4.0,2.0,3.0,1.0,3046.0,-87.68300232526366,41.95018852374326
143452,14191200180000,2013.0,206,1350000.0,3125.0,115.0,8.0,4.0,0.0,2.0,1.0,2374.0,-87.68159851906512,41.950207334732525
143455,14191200200000,2018.0,206,1395000.0,3125.0,120.0,10.0,4.0,0.0,2.0,0.0,3054.0,-87.68141505535051,41.95020980533697
143457,14191200350000,2016.0,278,1270000.0,3750.0,11.0,9.0,5.0,3.0,3.0,2.0,3396.0,-87.68203876583748,41.94981421122192
143459,14191200360000,2014.0,278,1648000.0,3750.0,3.0,8.0,4.0,1.0,1.0,0.0,3503.0,-87.68192754725251,41.949815732000154
143460,14191210030000,2015.0,205,645000.0,3125.0,117.0,8.0,4.0,0.0,2.0,0.0,1704.0,-87.68063185778573,41.95022068289577
143461,14191210030000,2016.0,278,1472500.0,3125.0,2.0,8.0,4.0,2.0,4.0,2.0,2564.0,-87.68063185778573,41.95022068289577
143462,14191210030000,2020.0,278,1350000.0,3125.0,6.0,8.0,4.0,2.0,4.0,2.0,2564.0,-87.68063185778573,41.95022068289577
143463,14191210100000,2015.0,205,770000.0,3125.0,114.0,7.0,4.0,0.0,1.0,0.0,1768.0,-87.67980491030781,41.9502321550115
143464,14191210140000,2014.0,205,770000.0,3125.0,116.0,7.0,4.0,0.0,2.0,0.0,1947.0,-87.6794373570759,41.950237251889746
143468,14191210280000,2014.0,205,950000.0,3750.0,114.0,7.0,4.0,0.0,1.0,1.0,1632.0,-87.68011611846774,41.949840694774245
143469,14191210320000,2020.0,205,950000.0,3750.0,120.0,7.0,4.0,0.0,1.0,1.0,1706.0,-87.67967507367268,41.9498467869926
143470,14191210360000,2013.0,206,1579775.0,4125.0,112.0,10.0,4.0,1.0,2.0,1.0,2882.0,-87.67919807034863,41.9498533731947
143471,14191210360000,2020.0,206,1350000.0,4125.0,119.0,10.0,4.0,1.0,2.0,1.0,2882.0,-87.67919807034863,41.9498533731947
143478,14191220070000,2016.0,278,1130000.0,3125.0,14.0,8.0,4.0,3.0,3.0,1.0,2284.0,-87.68267764875188,41.94928115044501
143479,14191220100000,2016.0,278,1190000.0,3125.0,17.0,9.0,4.0,1.0,2.0,1.0,2400.0,-87.68240201809391,41.94928489810267
143480,14191220120000,2019.0,205,786000.0,3125.0,121.0,7.0,3.0,0.0,1.0,1.0,1800.0,-87.68221888208966,41.949287904898604
143481,14191220120000,2013.0,205,650000.0,3125.0,115.0,7.0,3.0,0.0,1.0,1.0,1800.0,-87.68221888208966,41.949287904898604
143482,14191220130000,2013.0,203,690000.0,3125.0,115.0,8.0,4.0,0.0,1.0,0.0,1762.0,-87.68212638540969,41.949288630634
143483,14191220130000,2020.0,203,865000.0,3125.0,122.0,8.0,4.0,0.0,1.0,0.0,1762.0,-87.68212638540969,41.949288630634
143484,14191220140000,2014.0,278,1550000.0,3125.0,8.0,9.0,4.0,3.0,3.0,1.0,2868.0,-87.68203446994498,41.94928988022126
143485,14191220180000,2019.0,208,1715000.0,3750.0,8.0,9.0,5.0,2.0,4.0,1.0,4172.0,-87.68160251123831,41.94929573007626
143486,14191220190000,2014.0,203,1015000.0,3750.0,116.0,8.0,4.0,0.0,1.0,0.0,1779.0,-87.68149228758757,41.949297208393574
143487,14191220190000,2017.0,203,1150000.0,3750.0,119.0,8.0,4.0,0.0,1.0,0.0,1779.0,-87.68149228758757,41.949297208393574
143488,14191220200000,2015.0,202,700000.0,4500.0,117.0,5.0,2.0,0.0,1.0,0.0,864.0,-87.68137099588046,41.949298854131314
143489,14191220220000,2018.0,205,1060000.0,2768.0,112.0,7.0,4.0,0.0,2.0,1.0,1632.0,-87.68330683656283,41.94888579952492
143490,14191220240000,2016.0,202,795000.0,4125.0,113.0,4.0,2.0,0.0,1.0,0.0,792.0,-87.68311346697915,41.948888345130854
143491,14191220250000,2016.0,208,2365000.0,4250.0,5.0,14.0,7.0,2.0,4.0,1.0,4255.0,-87.68299030330407,41.94888998541629
143494,14191220270000,2020.0,278,1580000.0,3125.0,3.0,7.0,4.0,1.0,4.0,1.0,2605.0,-87.68276066715076,41.94889304006721
143495,14191220290000,2017.0,206,1150000.0,3125.0,109.0,11.0,5.0,0.0,2.0,0.0,2302.0,-87.68257687717535,41.94889548363724
143496,14191220290000,2020.0,206,1307500.0,3125.0,112.0,11.0,5.0,0.0,2.0,0.0,2302.0,-87.68257687717535,41.94889548363724
143498,14191220300000,2017.0,206,977500.0,3125.0,109.0,7.0,4.0,0.0,4.0,0.0,2348.0,-87.68248500195227,41.948896704401875
143499,14191220480000,2017.0,203,587500.0,2671.0,114.0,6.0,3.0,0.0,1.0,1.0,1542.0,-87.68125106296614,41.94900782010095
143500,14191230030000,2015.0,205,760000.0,3752.0,117.0,7.0,4.0,0.0,2.0,0.0,1826.0,-87.68054314289797,41.94931023717261
143501,14191230040000,2020.0,205,1110000.0,4690.0,122.0,7.0,4.0,1.0,1.0,0.0,2003.0,-87.68041905661573,41.94931196090659
143502,14191230050000,2018.0,206,1500000.0,3752.0,117.0,9.0,4.0,0.0,2.0,2.0,2938.0,-87.68029497397701,41.94931368363584
143503,14191230080000,2015.0,206,1550000.0,3752.0,117.0,9.0,4.0,0.0,2.0,0.0,2258.0,-87.6799365058416,41.94931860094567
143504,14191230100000,2019.0,205,947000.0,3752.0,118.0,7.0,4.0,0.0,2.0,0.0,1800.0,-87.67971591302447,41.949321640124104
143505,14191230120000,2018.0,204,710000.0,3125.0,120.0,7.0,3.0,1.0,3.0,0.0,1956.0,-87.67950449043893,41.94932455713382
143506,14191230130000,2016.0,205,849990.0,3125.0,109.0,7.0,4.0,0.0,2.0,1.0,1560.0,-87.67941242622435,41.94932572540598
143507,14191230130000,2019.0,205,900000.0,3125.0,112.0,7.0,4.0,0.0,2.0,1.0,1560.0,-87.67941242622435,41.94932572540598
143508,14191230170000,2019.0,203,882000.0,4125.0,108.0,5.0,2.0,0.0,1.0,0.0,1773.0,-87.67894195611525,41.9493323240804
143509,14191230180000,2016.0,205,926000.0,4625.0,106.0,7.0,4.0,0.0,2.0,1.0,1644.0,-87.67881331050727,41.949334102963626
143512,14191230230000,2013.0,203,725000.0,4687.0,83.0,6.0,3.0,0.0,1.0,0.0,1491.0,-87.68029804666975,41.94892607672596
143513,14191230230000,2015.0,278,2147000.0,4687.0,1.0,7.0,4.0,0.0,3.0,1.0,3055.0,-87.68029804666975,41.94892607672596
143514,14191230240000,2013.0,278,1895000.0,4687.0,2.0,12.0,6.0,0.0,3.0,1.0,3366.0,-87.68016028452125,41.94892796938888
143515,14191230290000,2014.0,205,1100000.0,3578.0,105.0,9.0,5.0,0.0,2.0,0.0,2200.0,-87.67961795807483,41.94893541044061
143524,14191240220000,2020.0,278,1760000.0,3720.0,3.0,10.0,5.0,2.0,4.0,1.0,2997.0,-87.6874314897291,41.94768680890874
143525,14191240260000,2017.0,206,950100.0,3710.0,101.0,12.0,5.0,0.0,3.0,0.0,3208.0,-87.68741719601441,41.94727546290689
143526,14191250020000,2013.0,206,1250000.0,3720.0,100.0,12.0,6.0,0.0,5.0,3.0,3160.0,-87.68675466319728,41.948356701731335
143528,14191250040000,2017.0,206,1245858.0,3720.0,113.0,12.0,6.0,0.0,3.0,1.0,3096.0,-87.68674930443501,41.948192183148365
143530,14191250050000,2016.0,278,1825000.0,3720.0,2.0,9.0,5.0,2.0,3.0,1.0,3336.0,-87.68674664282122,41.94810995158093
143531,14191250080000,2013.0,206,1299000.0,3720.0,99.0,10.0,4.0,0.0,2.0,2.0,2927.0,-87.68673862412315,41.94786317405469
143532,14191250170000,2016.0,206,1215000.0,3720.0,91.0,10.0,5.0,0.0,3.0,1.0,2814.0,-87.68623866850714,41.948365156960904
143539,14191260030000,2018.0,205,1075000.0,3720.0,102.0,10.0,4.0,0.0,3.0,2.0,2134.0,-87.68553786545053,41.94829520525206
143541,14191260180000,2016.0,206,1270000.0,3720.0,108.0,11.0,4.0,0.0,2.0,0.0,2828.0,-87.68502462463861,41.94830363660369
143545,14191260250000,2013.0,206,1125000.0,3720.0,103.0,8.0,4.0,0.0,2.0,1.0,2604.0,-87.68500500249836,41.947727900370595
143546,14191260300000,2018.0,206,1057500.0,3720.0,102.0,8.0,4.0,1.0,3.0,1.0,2332.0,-87.68499099176805,41.94731665467435
143549,14191270080000,2013.0,206,1300000.0,3720.0,90.0,10.0,5.0,1.0,3.0,1.0,3477.0,-87.68431044963367,41.947902000835995
143550,14191270100000,2014.0,206,1300000.0,3720.0,106.0,8.0,4.0,1.0,2.0,1.0,2742.0,-87.68430478811976,41.94773728995296
143551,14191270110000,2014.0,206,1085000.0,3720.0,106.0,8.0,4.0,0.0,4.0,0.0,2514.0,-87.68430194706657,41.94765494730609
143553,14191270120000,2019.0,206,1475000.0,3720.0,106.0,8.0,4.0,0.0,2.0,0.0,3032.0,-87.68429915093037,41.94757259191921
143558,14191270280000,2018.0,278,1750000.0,3720.0,4.0,10.0,4.0,2.0,4.0,1.0,3237.0,-87.68378058170387,41.94749704745522
143731,14192110150000,2017.0,205,875000.0,3125.0,119.0,7.0,3.0,0.0,2.0,1.0,1889.0,-87.67752600651252,41.9511743344018
143733,14192110200000,2015.0,278,1655000.0,4125.0,4.0,14.0,7.0,2.0,5.0,2.0,3298.0,-87.6777770251997,41.95078403510479
143734,14192110230000,2013.0,206,999000.0,3125.0,105.0,11.0,5.0,1.0,3.0,0.0,2337.0,-87.67742417773538,41.950788505512584
143735,14192110230000,2016.0,206,500000.0,3125.0,108.0,11.0,5.0,1.0,3.0,0.0,2337.0,-87.67742417773538,41.950788505512584
143736,14192110240000,2018.0,205,680000.0,3125.0,110.0,6.0,3.0,0.0,1.0,0.0,1428.0,-87.67733228095693,41.95078976542428
143740,14192110360000,2017.0,278,1085000.0,3123.0,14.0,8.0,5.0,1.0,3.0,1.0,2660.0,-87.67784767265856,41.95117019244589
143741,14192110370000,2014.0,278,1212000.0,3126.0,11.0,8.0,4.0,1.0,3.0,0.0,2572.0,-87.67775573614168,41.95117135208781
143826,14192170150000,2014.0,205,605000.0,3250.0,117.0,6.0,3.0,0.0,2.0,1.0,2051.0,-87.67748352344881,41.950263963806606
143827,14192170150000,2016.0,278,1500000.0,3250.0,2.0,6.0,3.0,0.0,2.0,1.0,2747.0,-87.67748352344881,41.950263963806606
143828,14192170150000,2019.0,278,1550000.0,3250.0,5.0,6.0,3.0,0.0,2.0,1.0,2747.0,-87.67748352344881,41.950263963806606
143831,14192170270000,2013.0,205,676000.0,3780.0,115.0,8.0,3.0,0.0,1.0,1.0,1408.0,-87.67783270425167,41.94987233557707
143833,14192170340000,2017.0,206,1050000.0,3750.0,119.0,9.0,4.0,0.0,2.0,1.0,2240.0,-87.6770609542367,41.949882345026715
143834,14192170350000,2019.0,206,1270000.0,3780.0,95.0,9.0,5.0,0.0,3.0,0.0,3032.0,-87.67695071026807,41.94988374092097
143837,14192170380000,2020.0,278,2075000.0,3780.0,6.0,8.0,4.0,2.0,2.0,1.0,3304.0,-87.67661996650402,41.94988800976471
143838,14192170430000,2015.0,295,710000.0,1200.0,17.0,6.0,3.0,0.0,1.0,1.0,2286.0,-87.67676897242167,41.950377263584244
143839,14192170440000,2015.0,295,752000.0,1205.0,17.0,6.0,3.0,0.0,1.0,1.0,2286.0,-87.67676835936622,41.95035243839986
143840,14192170450000,2018.0,295,750000.0,1281.0,20.0,6.0,3.0,0.0,1.0,1.0,2286.0,-87.6767087972039,41.95036550753782
143845,14192180260000,2015.0,278,1675000.0,3750.0,1.0,7.0,3.0,0.0,2.0,1.0,3160.0,-87.67769905780402,41.94896141875969
143846,14192180270000,2016.0,206,1200000.0,3750.0,108.0,11.0,4.0,0.0,2.0,1.0,2896.0,-87.6775888734363,41.94896288853023
143847,14192180290000,2016.0,205,695000.0,3750.0,118.0,8.0,4.0,0.0,1.0,1.0,1938.0,-87.67736857494045,41.94896582837606
143848,14192180290000,2018.0,278,1825000.0,3750.0,4.0,8.0,5.0,1.0,4.0,1.0,3161.0,-87.67736857494045,41.94896582837606
143849,14192180330000,2019.0,205,725000.0,3750.0,115.0,11.0,4.0,0.0,2.0,0.0,2160.0,-87.6769279042879,41.94897170726947
144014,14193010190000,2019.0,206,1212500.0,3720.0,106.0,12.0,4.0,0.0,3.0,1.0,2592.0,-87.68665486783617,41.94538911090637
144017,14193010330000,2016.0,278,1700000.0,3720.0,2.0,9.0,4.0,1.0,3.0,1.0,3384.0,-87.68614498622777,41.94547952707753
144018,14193010330000,2019.0,278,1765000.0,3720.0,5.0,9.0,4.0,1.0,3.0,1.0,3384.0,-87.68614498622777,41.94547952707753
144019,14193010360000,2013.0,206,1315000.0,3720.0,95.0,10.0,4.0,2.0,2.0,1.0,2752.0,-87.68613686888423,41.94523290024103
144025,14193020270000,2013.0,278,1645000.0,3720.0,2.0,8.0,4.0,3.0,3.0,1.0,3320.0,-87.68495005329872,41.94607522144846
144026,14193020270000,2015.0,278,1815000.0,3720.0,4.0,8.0,4.0,3.0,3.0,1.0,3320.0,-87.68495005329872,41.94607522144846
